id,brand,brand_slug,error_code,equipment_type,product_family,models,fault_category,title,meaning,scope_note,owner_safe_checks,call_a_technician_when,reset_guidance,evidence_class,evidence_publishers,last_reviewed,reference_url
brands/amana/ptac-br-code,Amana,amana,br,light-commercial,Amana PTAC models covered by the M70 service procedure,PTC J Series; PTH J Series; Applicable Amana PTAC models in the cited manual,voltage-protection,Amana PTAC br code: low-voltage brownout protection,"On the documented Amana PTAC controls, br means brownout or low-voltage protection. A brief br appearance for a few seconds while power is switched off is normal in the service flow; a continuous br display means the board sees transformer output below its threshold and requires supply, cord, transformer, accessory, and control checks.","This reading follows the Amana PTAC service procedure cited here. Do not apply lowercase br to Amana furnaces, central equipment, or kitchen appliances; confirm the packaged terminal model and control generation.","Record whether br is momentary or continuous, photograph the voltage-model label, and note whether other equipment in the building changed simultaneously.","Receptacle, line connection, cord, transformer, 24-volt accessory, and control-board measurements require authorised PTAC service or a qualified electrician.",Do not reset a continuous br display repeatedly; its voltage path must be measured. A brief appearance only during shutdown requires no reset.,mixed-primary-sources,Amana,2026-09-03,https://hvac-bench.com/brands/amana/ptac-br-code/
brands/american-standard/s9v2-e21-error-code,American Standard,american-standard,E2.1,furnace,S9V2 S-Series two-stage condensing gas furnaces,S9V2 S-Series models in installer guide 18-CE01D1-1E-EN,ignition-lockout,American Standard S9V2 E2.1 ignition retry lockout,"On the documented American Standard S9V2, E2.1 means ignition retries were exceeded because flame was never sensed, followed by a one-hour lockout after three attempts. The code reports the failed ignition outcome; it does not prove whether gas delivery, ignition, grounding, flame sensing, venting, or control caused it.",This definition is restricted to S9V2 S-Series furnaces using the seven-segment integrated control display in the cited installer guide. Do not translate an older blink count or another American Standard furnace code as E2.1.,"From outside closed panels, save E2.1, confirm the thermostat demand, and note sounds or factory-port observations without initiating more ignition attempts.","Gas pressure, venting, safeties, igniter, valve, burner, grounding, flame-current, and live control tests require licensed furnace service.","Do not repeatedly reset E2.1 to force more ignition attempts; preserve the lockout and arrange combustion diagnosis, especially if the code returns.",mixed-primary-sources,American Standard,2026-09-03,https://hvac-bench.com/brands/american-standard/s9v2-e21-error-code/
brands/ariston/clas-one-108-refill,Ariston,ariston,108,boiler,"Ariston Clas ONE, Clas System ONE, and Alteas ONE boilers showing 108",Clas ONE; Clas System ONE; Alteas ONE; Clas HE Evo,low-water-pressure,Ariston 108 error code: refill request for low system pressure,"Ariston shows 108 when the heating circuit pressure has fallen below the level the boiler needs, and it is asking for a refill. The owner opens the filling taps under the boiler until the gauge reads 1.0 to 1.5 bar cold, closes them, then clears the code with the reset control. A drop again within days points at a leak.","This applies to Ariston Clas and Alteas family boilers whose user documentation lists 108 as a filling request. Ariston uses separate codes for a faulty pressure transducer, so if the gauge is already in band and 108 stays, treat it as a sensor branch and call an engineer.","With the boiler cold, open both filling taps under the boiler slowly until the gauge reads 1.0 to 1.5 bar, then turn both taps fully off and press reset once. | Note whether 108 clears after the reset and whether the pressure is still in band the next morning.","A pressure that will not hold, 108 showing with the gauge already in band, a suspected transducer fault, or any check inside the boiler casing needs a Gas Safe registered engineer.","Press reset once after a correct refill to 1.0 to 1.5 bar. If 108 returns straight away, do not keep resetting; the reading is still low or a sensor fault is present.",mixed-primary-sources,Ariston,2026-09-09,https://hvac-bench.com/brands/ariston/clas-one-108-refill/
brands/ariston/clas-one-error-501,Ariston,ariston,501,boiler,Clas One and Clas System One condensing gas boilers,Clas One 24; Clas One 30; Clas One 38; Clas System One models in the cited user literature,no-flame-lockout,Ariston Clas One error 501: no flame detected,"On the documented Ariston Clas One family, error 501 is a non-volatile lockout because flame was not detected. The boiler does not restart automatically and the user manual permits reset-button attempts, capped at five within 15 minutes. A returning 501 requires authorised technical service, not continued resetting.","This definition applies to Clas One and Clas System One user literature linked by Ariston. Nimbus heat pumps, Nuos water heaters, other One-series generations, and regional gas configurations need their own manual.","Photograph 501 and the model, check whether other gas appliances operate, and observe sounds only from outside the sealed case.","Gas supply pressure, valve, ignition, burner, flame signal, electrode, grounding, flue, condensate, control, and sealed-case work require authorised qualified service.",Use a single observed reset rather than aiming for the five-in-15-minute maximum; stop when 501 returns and request service.,mixed-primary-sources,Ariston,2026-09-03,https://hvac-bench.com/brands/ariston/clas-one-error-501/
brands/baxi/e119-low-pressure,Baxi,baxi,E119,boiler,Baxi and Potterton domestic boilers that display E119,Baxi 600; Baxi 800; Baxi Platinum; Potterton boilers sharing the E119 code,low-water-pressure,Baxi E119 fault code: low system pressure and how to clear it,"Baxi assigns E119 to low water pressure in the heating system, below the level the boiler needs to operate. It is cleared by repressurising to between 1 and 1.5 bar with the filling device fitted to the boiler, and it points to a leak only if the pressure will not stay up afterwards.","This covers Baxi and Potterton boilers whose published fault guidance lists E119. Baxi uses E118 for a related low-pressure condition on some models, so match the exact digits, and confirm the boiler model before choosing a filling method.","With the boiler off, read the gauge and, if it is low, admit water with the boiler filling device until it reads 1 to 1.5 bar cold, then close the device fully. | Keep a short note of each repressurise, the date, and the pressure before and after, so a repeat loss can be measured.","A pressure that will not hold, visible damp or staining, a dripping outside overflow pipe, or any expansion vessel or internal check needs a Gas Safe registered engineer.","The boiler should clear E119 on its own once the pressure is back in band. Do not keep repressurising when it will not hold, because repeated refilling introduces oxygen into the system.",oem-support,Baxi,2026-09-09,https://hvac-bench.com/brands/baxi/e119-low-pressure/
brands/baxi/e133-fault-code,Baxi,baxi,E133,boiler,Baxi domestic boilers covered by the manufacturer E133 guidance,Baxi 600; Baxi 800; Baxi Platinum models listed in applicable documentation,ignition-lockout,Baxi E133: failed ignition and the frozen-condensate clue,"Baxi defines E133 as a failed ignition condition. In freezing weather, a blocked frozen condensate pipe can contribute on installations with an external condensate run, but E133 is not a frozen-pipe detector. Fuel supply, ignition, flame proof, condensate, venting, and controls remain professional diagnostic branches.","This guidance applies only to Baxi boilers whose own user or service instructions list E133. Product generation, country, and fuel setup matter; confirm the complete model before using any reset or thawing instruction.","Confirm the full model and weather, check other gas appliances, and inspect only an easily accessible ground-level external condensate section.","Inaccessible or internal condensate, recurring freezing, gas supply, ignition, electrode, combustion, vent, flame-proof, and sealed-case work require Gas Safe service.",Use one reset only as the exact Baxi user manual permits; do not repeat it when E133 remains or returns after any safe condensate action.,oem-support,Baxi,2026-09-03,https://hvac-bench.com/brands/baxi/e133-fault-code/
brands/blueridge/bmkh-e1-error-code,Blueridge,blueridge,E1,ductless-mini-split,BMKH floor-ceiling indoor units,BMKH floor-ceiling units covered by the December 2023 manual,high-pressure-protection,Blueridge BMKH E1: compressor high pressure protection,"Blueridge assigns E1 on this range to compressor high pressure protection. The control has stopped the compressor because pressure on the high side reached a limit, which is a protective action rather than a component failure.","This meaning comes from the code table in the Blueridge BMKH floor-ceiling manual dated December 2023. Blueridge publishes different tables for its other indoor styles, and E1 on another manufacturer's ductless equipment routinely means something unrelated, so match the model plate before using this page.","Record whether the code appeared in cooling or in heating, and the outdoor conditions at the time. | Clear stored items, planting, and debris away from the outdoor cabinet so air can reach and leave the coil. | Check the indoor filter and the space in front of the unit, and confirm the fan is not left on its lowest setting.","Pressure measurement requires gauges on service ports and belongs to a certified technician. | Do not restart repeatedly against a protection code, because each attempt drives the system back toward the limit that stopped it.",Clearing a restriction and trying again is a legitimate test and worth doing once. Cycling the supply to clear the display without changing anything else repeats the condition rather than resolving it.,mixed-primary-sources,Blueridge; Alpine Home Air,2026-09-03,https://hvac-bench.com/brands/blueridge/bmkh-e1-error-code/
brands/bosch/climate-5000-ec07-error,Bosch,bosch,EC 07,ductless-mini-split,Climate 5000 Generation 3 R-454B multi-zone,Climate 5000 Gen 3 R-454B multi-zone outdoor units in the May 2025 service manual,outdoor-fan-speed-fault,Bosch Climate 5000 EC 07 outdoor fan speed fault,"On Bosch Climate 5000 Generation 3 R-454B multi-zone equipment, EC 07 means the outdoor fan speed is outside the control's expected range. The service procedure considers fan obstruction and assembly, motor wiring and feedback, the motor itself, and the outdoor PCB; the code does not select one of them.","This code definition applies only to the May 2025 Climate 5000 Gen 3 R-454B multi-zone manual. Earlier R-410A Climate 5000, single-zone, IDS, boiler, and Compress products use different references.","With the unit off, document EC 07, the exact outdoor model, guard and clearance condition, ice, and fan behavior from outside the cabinet.","Fan access, motor resistance and feedback, harness, live inverter-board, refrigerant, and R-454B safety checks require qualified Bosch service.","One model-approved restart can show whether EC 07 persists; do not repeatedly energise a fan that is stalled, rubbing, iced, or faulting.",mixed-primary-sources,Bosch Home Comfort,2026-09-03,https://hvac-bench.com/brands/bosch/climate-5000-ec07-error/
brands/bosch/climate-5000-pc30-pc31,Bosch,bosch,PC 30 / PC 31,multi-zone,Climate 5000 Generation 3 R-454B multi-zone outdoor units,M4OB-36HFN8-Q; M5OD-42HFN8-Q; M5OE-42HFN8-Q,pressure-protection,Bosch PC 30 and PC 31: codes that exist on three outdoor models,"PC 30 is high pressure protection and PC 31 is low pressure protection, and the service manual restricts both to three named outdoor units. An outdoor unit outside that list has no pressure switches to report on and will show a different code instead.","The code table here is from the Bosch Climate 5000 Generation 3 R-454B multi-zone service manual dated May 2025, which covers the outdoor units. Indoor codes are published in the indoor service manual, and earlier Climate 5000 generations on a different refrigerant platform have their own documentation.","Record the full outdoor model number from the data plate and check it against the three models these codes are published for. | Photograph the code exactly, since the prefix and the final character both change the meaning. | Note the outdoor temperature, the mode, and how long the system had been running when it stopped.","Pressure measurement requires gauges on service ports and a certified technician, and this refrigerant platform has its own handling requirements. | Do not restart repeatedly against a protection code, since each attempt returns the system to the condition that stopped it.","Clearing an obstruction and trying again is a reasonable single test. A protection that returns without any change to the conditions is reporting the same limit, and further restarts do not move it.",mixed-primary-sources,Bosch Home Comfort,2026-09-03,https://hvac-bench.com/brands/bosch/climate-5000-pc30-pc31/
brands/carrier/infinity-code-16-with-53-55-47,Carrier,carrier,16,ducted-split,"Carrier Infinity System Control paired with communicating equipment, with the outdoor-unit code structure documented for 24VNA6 and 25VNA4 variable-speed units",Carrier 24VNA6 variable-speed heat pump; Carrier 25VNA4 variable-speed air conditioner; Carrier Infinity System Control SYSTXCCITC,communication-fault,"Carrier Infinity code 16 with 53, 55 or 47: telling a communication fault from a failed sensor","Read the number as a pair before deciding anything. On 24VNA6 and 25VNA4 equipment the outdoor board reports a base code plus an expansion code, so 16, 53 and 55 occupy different columns of one table and carry different meanings depending on the column they came from. A genuine loss of communication with the Infinity System Control sets no diagnostic fault at the outdoor unit: the service manual says the Comm light goes off and the equipment falls back to its discrete control inputs.","The code structure described here is the one published for the 24VNA6 and 25VNA4 outdoor units. Carrier furnaces, fan coils and older Infinity outdoor sections keep their own tables, and a two-digit number copied from one of those is not evidence about a variable-speed unit carrying this board.","Photograph the wall control message, the outdoor display, and the state of the Comm light before any power is interrupted. | Write down whether the number appeared in a code position or in a temperature field on a status screen. | Note which modes the system still accepts, because a mode that runs is evidence about what the control is protecting.","Resistance measurement at the control board connector, and any inspection inside the outdoor cabinet, is qualified service work. | Tracing the communication path between the outdoor board and the Infinity System Control involves energised low-voltage wiring and belongs to a technician.","Interrupting power clears the display and can discard the sequence that explains the fault, so capture every screen first. Repeated restarts are not a repair for either condition described here.",mixed-primary-sources,Carrier,2026-09-04,https://hvac-bench.com/brands/carrier/infinity-code-16-with-53-55-47/
brands/carrier/furnace-status-code-31,Carrier,carrier,31,furnace,Carrier two-stage and variable-speed modulating condensing furnaces that report status code 31,58MVC; 58MVP; 59MN7A; Infinity 98 gas furnace,pressure-switch-fault,Carrier furnace status code 31: pressure switch did not close,"Carrier assigns status code 31 to a high-heat pressure switch input that did not close when the control called for high or intermediate heat, or that opened during the heat cycle. It reports the state of a proving circuit, so the draft inducer, venting, condensate, tubing, wiring, and the switch itself all stay on the list until one is confirmed.","This reading follows Carrier service literature for two-stage and modulating condensing furnaces that flash a two-digit status code. Single-stage models and other code numbers behave differently, and the legend printed inside the furnace door is what confirms the meaning for a given board.","With the furnace off, clear any frost, ice, snow, or debris from the outdoor vent and intake terminations and confirm the terminations are not obstructed. | Check the furnace filter is clean, the return and supply grilles are open, and the furnace access door is fully closed.","Measuring inducer pressure, testing the switch and inducer, clearing the condensate trap, and any wiring or gas-valve work require a qualified heating technician, and the pressure switch must never be bypassed.","A single power cycle to clear the code is reasonable after checking the terminations and filter. If status code 31 returns on the next call for high heat, leave the furnace off for service.",oem-service-manual,Carrier,2026-09-09,https://hvac-bench.com/brands/carrier/furnace-status-code-31/
brands/carrier/58mcb-code-33-limit-circuit-fault,Carrier,carrier,33,furnace,Carrier 58MCB Series 110 and 120 condensing gas furnaces,58MCB040; 58MCB060; 58MCB080; 58MCB100; 58MCB120,limit-circuit-fault,Carrier 58MCB code 33: limit circuit fault is two different warnings,"Carrier 58MCB status code 33 means the limit circuit is open. That circuit includes the high-limit switch and flame-rollout switches, so the code does not tell you which safety opened. Check only the filter and unobstructed grilles; visible flame rollout, soot, a gas odor, or a returning code requires immediate service.","This interpretation is limited to the Carrier 58MCB Series 110 and 120 manual. Other Carrier furnace controls can use the same number with different timing or component groupings, so confirm the model on the furnace rating plate.","With the furnace off, inspect only the normal homeowner-access filter and replace it with the specified size and type if loaded. | Confirm return grilles and supply registers are open and clear without reaching into ducts or removing furnace panels. | Record the full flash pattern, operating sequence, and any later code before power is interrupted.","Identifying the open device, measuring temperature rise, testing safeties, and inspecting combustion require licensed gas-furnace service. | A rollout indication, soot, gas odor, or carbon-monoxide alarm is a stop condition, not a reset opportunity.",Do not repeatedly reset code 33. A returning open safety circuit needs its temperature or combustion cause identified before the furnace runs again.,mixed-primary-sources,Carrier,2026-09-09,https://hvac-bench.com/brands/carrier/58mcb-code-33-limit-circuit-fault/
brands/cooper-and-hunter/sophia-cassette-e1-error,Cooper & Hunter,cooper-and-hunter,E1,ductless-mini-split,Sophia multi-zone cassette indoor units,Sophia cassette indoor units covered by the cited owner's manual,communication-fault,Cooper & Hunter Sophia cassette E1 communication error,"For the documented Cooper & Hunter Sophia multi-zone cassette, E1 means the indoor and outdoor equipment are not communicating. It describes the failed control path, not a confirmed outdoor board failure; field wiring, terminals, pairing, supply, and both control ends still need to be proved.","This page applies only to the Sophia multi-zone cassette manual cited below. Cooper & Hunter sells several platforms whose identical E1 display can mean something else, so identify the series and indoor-unit style first.","Record the code, paired model numbers, whether the cassette ever worked, and the operating status of every other zone without removing covers.","Addressing, terminal, continuity, voltage, communication-signal, and board checks require an installer qualified for the Sophia multi-zone platform.",Use one restart only if the Sophia instructions permit it; do not repeatedly clear a communication code that immediately returns.,mixed-primary-sources,Cooper and Hunter,2026-09-03,https://hvac-bench.com/brands/cooper-and-hunter/sophia-cassette-e1-error/
brands/daikin/a5-error-code,Daikin,daikin,A5,ductless-mini-split,Daikin 15 and 19 Series,15 Series models in SiUS041501E; 19 Series models in SiUS041501E,coil-temperature-protection,Daikin A5 error code: freeze-up or peak-cut,"On Daikin 15 and 19 Series equipment, A5 represents freeze-up protection in cooling or heating peak-cut control when the indoor heat-exchanger temperature crosses the documented limits.","The two meanings described here come from the Daikin service manual covering the 15 and 19 Series. Which protection you are looking at depends on the mode the system was running, and other Daikin ranges assign A5 within their own code structure, so start from the manual that matches your model plate.","Turn the unit off and inspect the user-removable filter for loading; clean it exactly as the model manual directs. | Confirm furniture, curtains, or closed louvers are not blocking the indoor intake or outlet.","Persistent icing, thermistor testing, coil cleaning beyond routine maintenance, and PCB diagnosis need qualified service. | Do not chip ice from a coil or use heat sources to force thawing.","Let visible ice thaw with the system off; if A5 returns after airflow is restored, stop cycling the unit and arrange diagnosis.",oem-service-manual,Daikin Comfort Technologies,2026-09-02,https://hvac-bench.com/brands/daikin/a5-error-code/
brands/daikin/u0-refrigerant-shortage,Daikin,daikin,U0,ductless-mini-split,Daikin room air conditioner splits and multi-split systems that publish U0 in the malfunction code table,FTXS / RXS single-zone splits; FTXM series; MXS / MXL multi-zone outdoor units,low-refrigerant,Daikin U0 error code: refrigerant shortage on a mini-split,"Daikin assigns U0 to a refrigerant shortage. The control has seen the circuit behaving as though there is too little refrigerant, from readings such as a low suction temperature or an abnormal discharge condition. A closed service valve, an undercharge left after install, or a leak all present as U0.","This meaning follows the Daikin malfunction code table for room air conditioner and multi-split systems that list U0. SkyAir, VRV, and Altherma ranges use their own code sets, so confirm the indoor and outdoor model numbers before applying this page.","Note whether the system is newly installed or has a long service history, and whether output faded gradually or stopped suddenly before U0. | Check from the ground for oily residue at pipe joints or unusual frosting on the outdoor unit, without touching the pipework or valves.","Checking stop valves, leak testing, evacuating, and weighing in refrigerant all require a technician with gauges and a refrigerant handling qualification.","Clearing U0 with a power cycle does not add refrigerant. If the code returns, the circuit is still short and the diagnosis needs gauges rather than another reset.",mixed-primary-sources,Daikin Comfort Technologies; Daikin Industries,2026-09-09,https://hvac-bench.com/brands/daikin/u0-refrigerant-shortage/
brands/daikin/u4-error-code,Daikin,daikin,U4,light-commercial,SkyAir RZR-P and RZQ-P(9),RZR-P series; RZQ-P(9) series; Compatible indoor units listed in SiUS281117,communication-fault,Daikin U4 error code: indoor-outdoor transmission error,"For the documented Daikin SkyAir RZR-P and RZQ-P(9) systems, U4 is a transmission error between indoor and outdoor units after normal communication is absent for the specified interval.","This definition is taken from the SkyAir service manual covering RZR-P and RZQ-P(9) equipment and the indoor units listed with it. Daikin uses structured code letters across product lines that share little else, so a U4 on VRV, Altherma, or a residential split needs the manual for that line rather than this page.",Write down the full controller code and every connected indoor and outdoor model number. | Check only normal user-accessible power controls and note whether other units on the same system operate.,"Transmission wiring, fuses, fan motors, and PCBs require qualified electrical diagnosis. | Multi-unit SkyAir systems should be diagnosed as a network rather than by replacing the first board named.",A power cycle may be used only as the operating manual permits; a returning U4 indicates an unresolved transmission fault.,oem-service-manual,Daikin Comfort Technologies,2026-09-02,https://hvac-bench.com/brands/daikin/u4-error-code/
brands/daikin/ua-combination-fault,Daikin,daikin,UA,ductless-mini-split,Daikin split and multi-split systems that publish UA for an indoor and outdoor combination fault,FTXS / RXS splits; MXS / MXL multi-zone outdoor units; matched FTXM indoor units,combination-mismatch,Daikin UA error code: indoor and outdoor unit combination fault,"Daikin assigns UA to an improper combination of indoor and outdoor units. The paired models are not compatible, the number of connected indoor units is outside the outdoor unit's limit, the refrigerant types do not match, or a replacement control board was fitted without its combination setting being made.","This meaning follows the Daikin malfunction code table for split and multi-split systems that list UA. SkyAir and VRV ranges assign UA-adjacent codes differently, so confirm the outdoor model and every connected indoor model before acting.","Note whether UA appeared at first commissioning, after equipment was combined from different kits, or right after a control board was replaced. | Write down the outdoor model and every indoor model with the room it serves, so the installer can check the combination against Daikin's data.","Changing paired equipment, removing indoor units from a multi-split, and making a replacement board's combination setting are all installer or technician tasks.","A power cycle does not change the equipment combination or a missing board setting, so UA returns until the underlying mismatch is corrected. Resetting is not a fix for this code.",mixed-primary-sources,Daikin Comfort Technologies; Daikin Industries,2026-09-09,https://hvac-bench.com/brands/daikin/ua-combination-fault/
brands/daikin/uf-piping-wiring-mismatch,Daikin,daikin,UF,ductless-mini-split,Daikin multi-split systems and splits that publish UF for a wiring and piping combination fault,MXS / MXL multi-zone outdoor units; 2MXS / 3MXS / 4MXS / 5MXS; matched FTXS and FTXM indoor units,wiring-piping-mismatch,Daikin UF error code: piping and wiring do not match,"Daikin assigns UF to a mismatch between the control wiring and the refrigerant piping. On a multi-split the cable from an indoor head lands on one outdoor port while its pipes connect to a different port, so the system cannot pair a head with its circuit. It also covers wrong field wiring and a shortage detected during the check.","This meaning follows Daikin literature for multi-split and split systems that list UF as a field wiring and piping combination fault. Other Daikin ranges use different U-series codes, so confirm the outdoor unit and every connected indoor model before acting.","Note whether UF appeared at first commissioning or right after an indoor head was added, moved, or rewired, and which zones do not respond. | Keep a list of which room each indoor unit serves so the installer can match heads to outdoor ports quickly.","Tracing cables and pipes to outdoor ports and correcting the connections means opening the outdoor electrical cover and working at the terminals, which is installer work.","A power cycle does not change how the cables and pipes are connected, so UF returns until the port assignments are corrected. Resetting is not a fix for this code.",oem-service-manual,Daikin Comfort Technologies; Daikin Industries,2026-09-09,https://hvac-bench.com/brands/daikin/uf-piping-wiring-mismatch/
brands/daikin-altherma/7h-water-flow-subcodes,Daikin Altherma,daikin-altherma,7H,heat-pump,Altherma 3 R MT with ELBH-E or ELBX-E and ERRA08-12,ELBH-E(6V/9W); ELBX-E(6V/9W); ERRA08-12EV3; ERRA08-12EW1,water-flow-fault,Daikin Altherma 7H subcodes: identify the failed flow check,"On the documented Daikin Altherma 3 R MT, 7H is incomplete without its suffix. 7H-01 is a general water-flow problem; 7H-04 relates to domestic hot water, 7H-05 to heating or sampling, 7H-06 to cooling or defrost, 7H-07 to pump deblocking, and 7H-08 to pump feedback.",These subcodes belong to the ELBH-E and ELBX-E indoor units paired with ERRA08-12 equipment in the cited European installer reference. Other Altherma generations and monoblocs use different tables.,"Capture the complete 7H suffix, both model labels, active mode, visible pressure, outdoor weather, pump sound, open zones, and recent hydraulic work.","Flow measurement, valves, filters, pumps, feedback, sensing, venting, configuration, electrical, and refrigerant work require an Altherma-qualified installer.",Do not clear the suffix before recording it or force pump functions; a returning 7H needs its exact hydraulic context diagnosed.,mixed-primary-sources,Daikin Europe; Daikin UK,2026-09-03,https://hvac-bench.com/brands/daikin-altherma/7h-water-flow-subcodes/
brands/della/outdoor-sensor-error-codes,Della,della,E3 / E7 / E8 / EH / Ej / En / Ey,ductless-mini-split,"Econo IF, Vario TL, and Optima TP single zone, and the multi-zone systems sharing the table",Econo IF Series; Vario TL Series; Optima TP Series; Della multi-zone systems using the same table,outdoor-sensor-fault,Della outdoor sensor codes: the letter after E names the sensor,"All seven codes report a failed outdoor temperature sensor, and the character after the E identifies which one. None of them is a compressor fault, a refrigerant fault, or an indoor fault.","This table is published for the Della Econo IF, Vario TL, and Optima TP single zone series, and the multi-zone systems that share it. The Motto JA and Umbra JPB series use a different set entirely, where outdoor sensor faults appear as F codes, so the series has to be established before any of this applies.","Photograph the display so the exact character after the E is preserved, since several of them are easy to misread. | Note whether the code is constant or intermittent, and what the weather was doing when it appeared. | Record any work carried out at the outdoor unit since the system last ran normally.","Sensor circuits, connectors, and their resistance measurements sit inside the outdoor electrical compartment and are technician work with the supply isolated. | Question any proposal to replace a compressor or a control board on the strength of a code from this sensor table.","One restart establishes whether the reading recovers. A code that returns immediately is reporting a circuit the control still cannot read, and further cycles remove the timing record rather than the fault.",oem-support,Della Home,2026-09-03,https://hvac-bench.com/brands/della/outdoor-sensor-error-codes/
brands/della/e5-error-code-by-series,Della,della,E5/5E,ductless-mini-split,"Econo, Vario, Optima, Motto, and Umbra mini-splits",Econo IF Series; Vario TL Series; Optima TP Series; Motto JA Series; Umbra JPB Series,model-specific-code,Della E5 error code: the series changes the meaning,"Della does not assign one universal meaning to E5. Its published table gives E5 as an indoor/outdoor mismatch on Econo, Vario, and Optima systems, but E5 or 5E as indoor/outdoor communication failure on Motto and Umbra systems. Read the model family before the code.","The distinctions here follow Della's own series table. They do not cover every Della generation, and a retail listing name is not a substitute for the model label when choosing the correct manual.","Photograph both model labels and the exact E5 or 5E orientation, then record whether the fault existed from initial commissioning.","Equipment matching, configuration, field wiring, voltage, communication, and board diagnosis belong to the installer or Della-authorised service.","Do not loop power; a returning E5 needs the series-specific mismatch or communication path, not another generic reset.",oem-support,Della Home,2026-09-03,https://hvac-bench.com/brands/della/e5-error-code-by-series/
brands/goodman/gmvc-one-flash-lockout,Goodman,goodman,1 flash,furnace,GMVC80 condensing gas furnaces,GMVC801005CN; GMVC80 family covered by the cited installation instructions,ignition-lockout,Goodman GMVC one flash: external ignition lockout,"On the documented Goodman GMVC80 control, one flash indicates external lockout after the furnace exceeds its ignition attempts. The control can automatically reset after one hour, while a thermostat or power interruption longer than five seconds can also reset it; none of those actions diagnoses why flame was not proved.","This one-flash definition applies to the GMVC80 family in the cited Goodman installation instructions. Other Goodman boards use different LEDs and decimal codes, so identify the furnace and control before counting.","Keep furnace panels installed, record one full startup sequence and the repeating flash, and stop without creating additional ignition attempts.","Draft, vent, condensate, igniter, gas, burner, flame-current, grounding, safety, and control tests require licensed gas-furnace service.",Do not use the published reset paths to keep forcing ignition; a returning one-flash lockout needs its failed sequence stage diagnosed.,mixed-primary-sources,Goodman,2026-09-03,https://hvac-bench.com/brands/goodman/gmvc-one-flash-lockout/
brands/goodman/gmvc80-three-flashes-pressure-switch-open,Goodman,goodman,3 flashes,furnace,Goodman GMVC80 condensing gas furnaces,GMVC80 family covered by the cited installation instructions,pressure-switch-open,Goodman GMVC80 three flashes: pressure switch open after the inducer starts,"On the documented Goodman GMVC80 board, three flashes means the pressure-switch circuit is open when the control expects it closed. It does not prove the pressure switch is defective. The inducer, venting, condensate path, hose, wiring, and available draft all remain part of the diagnosis.","This three-flash definition belongs to the GMVC80 instructions cited here. Newer Goodman furnaces can use alphanumeric seven-segment codes instead of this LED pattern, so match the model and the legend on its door before applying the meaning.","Listen to one complete heat-call sequence with every furnace panel installed and record whether the inducer starts before the code. | Look at accessible outdoor intake and exhaust openings for visible snow, leaves, nests, or damage without inserting anything. | Photograph the flash pattern twice and capture the model number and door-chart wording before power is changed.","Pressure measurement, hose and condensate inspection, switch testing, vent assessment, and live electrical diagnosis require qualified gas-furnace service. | Never bypass a pressure switch or hold a panel interlock to force an ignition attempt.",Do not use repeated power cycles as a repair. A returning three-flash state means the furnace still lacks the pressure-switch proof required to ignite.,mixed-primary-sources,Goodman,2026-09-09,https://hvac-bench.com/brands/goodman/gmvc80-three-flashes-pressure-switch-open/
brands/goodman/furnace-four-flashes-open-limit,Goodman,goodman,4 flashes,furnace,Goodman and Amana single-stage and two-stage gas furnaces with an integrated ignition control,GMVC80; GMEC96; GCVC96; GMES80,limit-switch-fault,Goodman furnace 4 flashes: open high-limit circuit,"Four flashes on a Goodman furnace control means the primary limit circuit is open. The limit is a temperature safety that trips when the air leaving the heat exchanger is too hot, so the fault points at restricted airflow or poor heat transfer rather than at a failed switch.","This meaning applies to Goodman and Amana gas furnaces whose control legend lists four flashes as an open limit or open high-limit circuit. Flash-code meanings differ between control boards, so read the label inside the furnace blower door for the exact model.","With the furnace off, replace a loaded filter with the correct clean size, arrow pointing toward the blower, and confirm supply and return grilles are open and unblocked. | Note whether the four-flash code clears with airflow restored and whether it returns on the first or second heating stage.","Measuring temperature rise and static pressure, inspecting the blower motor, capacitor and wheel, and testing or replacing the limit switch are technician tasks, and the limit must not be bypassed.","The furnace attempts to restart on its own once the limit cools and remakes. If four flashes returns after airflow is restored, leave it for service rather than forcing repeated cycles.",mixed-primary-sources,Goodman,2026-09-09,https://hvac-bench.com/brands/goodman/furnace-four-flashes-open-limit/
brands/goodman/furnace-seven-flashes-low-flame-signal,Goodman,goodman,7 flashes,furnace,Goodman and Amana gas furnaces with an integrated ignition control that flashes seven for low flame signal,GMEC96; GMVC96; GCES80; GMES96,flame-sense-fault,Goodman furnace 7 flashes: weak flame sense signal,"Seven flashes on a Goodman furnace control means the flame sense current has fallen below the level the board needs to confirm a flame. The burner lights, but the control does not read enough microamps of rectified current, so it closes the gas valve and retries, then locks out after a set number of trials.","This meaning applies to Goodman and Amana furnaces whose control legend lists seven flashes as a weak or low flame signal. Boards differ, so a furnace showing seven flashes for a different fault should be read against the label inside its blower door.","Watch a start-up cycle and note that the burner does light before it drops out, and count how many attempts happen before the lockout. | Confirm the furnace door is fully closed and the filter is clean, then leave the panel in place for a technician to open.","Cleaning or replacing the flame sense rod, checking the burner ground, measuring flame current, and adjusting gas pressure all require a qualified heating technician working inside the furnace.","The control retries on its own and then locks out. A single power cycle to clear the lockout is reasonable, but a return to seven flashes means the signal is still weak and the furnace needs service.",mixed-primary-sources,Goodman,2026-09-09,https://hvac-bench.com/brands/goodman/furnace-seven-flashes-low-flame-signal/
brands/goodman/comfortnet-eb0-eb1-eb3-in-cooling,Goodman,goodman,"b0, b1, b3",air-handler,Goodman and Amana variable-speed air handlers with an integrated control module reporting motor codes on a seven-segment display and through a ComfortNet thermostat,Goodman AVPVC series variable-speed air handlers; Goodman air handlers using the PCBJA integrated control module family; ComfortNet thermostats paired with those air handlers,blower-limiting-condition,"Goodman ComfortNet Eb0, Eb1 and Eb3 in cooling: why an airflow code appears while heating still works","Read them apart. The b3 entry is the only airflow condition of the three. Goodman describes it as the circulator blower motor operating in a power, temperature or speed limiting condition, and lists blocked filters, restrictive ductwork, undersized ductwork and high ambient temperature as the causes. The b0 entry says the motor is not running when it should be, and b1 says the control module has lost communication with the motor. Neither of those is a duct problem, and grouping all three sends the diagnosis to the wrong place.","These codes belong to the air handler integrated control module, and the seven-segment display alternates characters, which is why written transcriptions vary between readers. Furnace and outdoor unit codes on the same ComfortNet system come from separate tables.","Check the filter and replace or clean it according to the equipment instructions, because blocked filters are on the published cause list. | Confirm that supply registers and return grilles are fully open and unobstructed. | Record whether the code appears in cooling, in heating, or in both, and whether the blower ran at all. | Note how warm the space around the air handler gets, since high ambient temperature is listed as a cause of the limiting condition.","Any work on motor power leads, motor control leads or the integrated control module is inside an energised cabinet and is service work. | Duct static pressure measurement and duct sizing assessment need instruments and belong to a technician.",Removing power clears the display and loses the order the codes appeared in. Photograph the seven-segment display through its full alternating sequence before interrupting anything.,oem-service-manual,Goodman,2026-09-04,https://hvac-bench.com/brands/goodman/comfortnet-eb0-eb1-eb3-in-cooling/
brands/nest/e73-no-power-rc,Google Nest,nest,E73,controls-thermostats,Google Nest Learning Thermostat and Nest Thermostat,Google Nest Learning Thermostat; Google Nest Thermostat; Google Nest Thermostat E,thermostat-power-loss,"Nest E73: no power to the Rc wire, and the cooling side behind it","These codes report that the thermostat is no longer receiving 24 volt power on a named wire. Google groups E3, E23, and E73 as no power to the Rc wire, E4, E24, and E74 as no power to the Rh wire, and E195 as no power to the R wire, so the letter in the message identifies which transformer feed went quiet rather than which component failed.","This page is written around the Rc group of Nest help codes. HVAC Bench covers the Rh group, headed by E74, on its own page, and the two should not be read across: on a two-transformer installation they point at different equipment in different parts of the building. Whether your system has separate Rc and Rh feeds at all is a property of the installed equipment.","Check the breakers for the heating and the cooling equipment and the service switch beside the furnace or air handler. | Replace the air filter if it is dirty, which Google includes in its own troubleshooting sequence. | Look for water in the drip pan or a blocked drain tube under the indoor unit. | Turn off power to both the heating and cooling equipment before touching any thermostat wire. | With power off, confirm each thermostat wire is straight, clean, and inserted until the connector button stays pressed down. | With power off, check whether Rc and Rh were crossed if the thermostat was recently installed, and correct them if so.","A blown or blackened system fuse, whose cause needs to be found before replacement. | A condensate blockage that needs the drain line cleared. | An absent 24 volt supply once breakers, switches, and wiring have been confirmed correct. | Any equipment panel that would need to be opened to reach a transformer or a safety device. | Repeated recurrence of the same code after the drainage or filter has been corrected.","There is no reset that clears these codes while the supply is missing. The message goes away when 24 volts returns to the named terminal, so restoring the breaker, the switch, or the drainage is the reset. If the internal battery has drained, allow charging time after power returns before judging whether the fault has cleared.",oem-support,Google Nest; Trane,2026-09-08,https://hvac-bench.com/brands/nest/e73-no-power-rc/
brands/nest/e74-no-power-rh,Google Nest,nest,E74,controls-thermostats,Google Nest thermostats covered by the E-code power guide,Nest Learning Thermostat; Nest Thermostat E,thermostat-power-fault,Nest E74: no power detected on the Rh wire,"Google Nest defines E74 as no power detected on the Rh wire. The thermostat is reporting the missing 24-volt heating-power input, not its cause. Furnace power, transformer and fuse, equipment safeties, condensate devices, Rh wiring and connection, and the thermostat input remain separate diagnostic points.","This E74 definition applies to Nest models covered by Google's wiring-error guide. The 2020 Nest Thermostat can present different messages, and Rc, C, and other E-codes identify different inputs.","Save the E74 and wiring screen, identify whether equipment also lost power, and switch HVAC power off before any manual-approved connector inspection.","Transformer, fuse, equipment safety, condensate control, concealed wiring, voltage measurement, and thermostat-input diagnosis require qualified HVAC service.",Do not reset-loop E74 or bypass a safety; restore only a known normal power switch and preserve a returning no-Rh condition for diagnosis.,mixed-primary-sources,Google Nest,2026-09-03,https://hvac-bench.com/brands/nest/e74-no-power-rh/
brands/gree/e5-overcurrent-low-voltage,Gree,gree,E5,ductless-mini-split,Gree residential mini-splits that publish E5 in the protection code family,Sapphire; Livo; Vireo; Multi21+ indoor heads,voltage-protection,Gree E5 error code: overcurrent and supply voltage protection,"Gree assigns E5 to an overcurrent protection trip. The control has seen the compressor circuit draw more current than its limit, and Gree links this to a supply voltage that is too high or that sags and swings under load. It points at the electrical supply, the connections, or the compressor and its drive rather than one named part.","This reading follows the Gree code overview and service literature for the residential mini-split families that publish E5 as a protection code. Other Gree ranges and other brands can map these characters differently, so match the indoor and outdoor model plates first.","Note whether E5 trips coincide with other large appliances running and whether the lights dim when the outdoor unit starts. | Check that the isolator switch by the outdoor unit is fully on and shows no scorching or a burnt smell, without opening it.","Measuring supply voltage under load, checking the feed size, inspecting energised connections, and testing the capacitor, contactor, and compressor current require a qualified technician or electrician.","One restart shows whether E5 was a single event. If it returns, especially under load, leave the system off, because repeated overcurrent trips stress the compressor and drive.",mixed-primary-sources,Gree Comfort,2026-09-09,https://hvac-bench.com/brands/gree/e5-overcurrent-low-voltage/
brands/gree/e6-error-code,Gree,gree,E6,ductless-mini-split,Multi21+ and documented residential mini-splits,Multi21+ 30K; Multi21+ 36K; Multi21+ 42K,communication-fault,Gree E6 error code: indoor-outdoor communication fault,"On the documented Gree systems, E6 means the indoor and outdoor equipment are not communicating normally; it identifies a communication path fault, not a single failed part.","This meaning follows Gree literature for the Multi21+ capacities and the residential systems named in the manufacturer support article. Other Gree ranges, and the same characters on another brand, can be assigned to a different fault, so match the model plate before you use this page.","Record the complete indoor and outdoor model numbers and photograph the E6 display. | With the system off, confirm no recent breaker trip, outage, or visible cable damage occurred.","A technician should isolate power before inspecting terminals, wiring continuity, accessories, or control boards. | Do not perform the manual's powered voltage tests unless you are qualified for live electrical diagnostics.",One power cycle may confirm whether the code was transient; repeated E6 requires diagnosis and should not be repeatedly reset.,mixed-primary-sources,Gree Comfort,2026-09-02,https://hvac-bench.com/brands/gree/e6-error-code/
brands/gree/e7-error-code,Gree,gree,E7,multi-zone,Multi21+ and the residential ranges in the Gree code overview,MULTI30HP230V1BO; MULTI36HP230V1BO; MULTI42HP230V1BO,mode-conflict,Gree E7 error code: two indoor units asking for different modes,"Gree assigns E7 to a mode conflict: two or more indoor units on the same outdoor unit have been set to modes the system cannot run at once. Nothing has failed, and setting the heads to one agreed mode clears it.","This meaning follows the Gree manufacturer code overview and the Multi21+ 30K, 36K, and 42K service manual. A single-zone Gree system has no second head to disagree with, and other manufacturers assign E7 to unrelated faults, so read the plate before applying anything here.","Read the mode symbol on every indoor unit in the property, including heads in rooms nobody is using. | Stop every head from its own handset, then start only the room you want, and note whether E7 returns. | Photograph both rating plates and the E7 display before contacting service, in case the code survives the checks above.",A conflict code that remains after every head has been set to one mode needs a technician with the wiring diagram for your capacity. | Do not remove indoor or outdoor electrical covers to look for a stuck mode signal; that work belongs behind an isolated supply.,Setting every indoor unit to one mode is the documented way to clear a mode conflict. Cutting the supply to force a restart does not resolve a disagreement the heads will have again the moment they are switched back on.,mixed-primary-sources,Gree Comfort,2026-09-03,https://hvac-bench.com/brands/gree/e7-error-code/
brands/gree/h5-error-code,Gree,gree,H5,heat-pump,Gree residential inverter systems covered by the OEM guide,Gree residential inverter systems; verify the model service manual,inverter-module-protection,Gree H5 error code: intelligent power module protection,"Gree identifies H5 as intelligent power module protection caused by an IPM synchronization or overcurrent condition; the protection can have airflow, refrigerant, wiring, board, or compressor causes.","H5 as described here follows the Gree technical guide for residential inverter systems. Protection codes are tied to a specific drive design, so confirm the service manual for your model before treating this as the definition, and never assume a Gree code carries across to another manufacturer.",Turn the system off and look for a blocked return filter or obvious debris restricting the outdoor coil. | Record whether H5 appears immediately or only after the compressor begins operating.,"Refrigerant pressure, compressor winding, DC bus, and live-voltage tests are technician work. | Do not replace a board or compressor until the root operating condition is confirmed.","A single restart can document recurrence, but repeated clearing does not correct an overcurrent or inverter protection condition.",oem-support,Gree Comfort,2026-09-02,https://hvac-bench.com/brands/gree/h5-error-code/
brands/haier/forward-series-e7-error,Haier,haier,E7,ductless-mini-split,Forward Series,Haier Forward Series indoor and outdoor units,communication-fault,Haier Forward Series E7 communication fault,"On Haier Forward Series systems, indoor code E7 identifies a communication failure between the indoor and outdoor units; the outdoor diagnostic can report the same condition with 15 flashes. Wiring, connections, supply, and either control end remain candidates until the communication path is tested.","This definition comes from Haier's North American Forward Series service manual. Other Haier families reuse E7 for different conditions, so the series and both model labels must match before this meaning is applied.","Save the indoor display, both rating plates, whether the system ever ran, and the timing of any outage, storm, installation, or repair.","Outdoor flash observation behind a cover, cable tests, terminal correction, voltage measurement, and board diagnosis belong to qualified service.",Perform no more than one model-permitted restart; a returning E7 should be diagnosed along the communication path.,mixed-primary-sources,Haier Appliances,2026-09-03,https://hvac-bench.com/brands/haier/forward-series-e7-error/
brands/haier/forward-series-f11-f28,Haier,haier,F11 / F28,ductless-mini-split,Forward Series systems in the manufacturer service manual,Haier Forward Series indoor and outdoor units covered by the cited service manual,compressor-drive-fault,Haier Forward F11 and F28: compressor position not detected,"Both codes report that the position of the compressor rotor cannot be detected normally. The service manual gives the decision conditions as compressor wiring that is wrong or poorly connected, or a damaged compressor, so the code covers a wide range of repair.","This follows the Haier service manual for the Forward Series, where the codes appear as indoor display F11 and F28 alongside outdoor LED1 flash counts of 18 and 19. Haier assigns codes by product family, and the Forward Series is documented in its own literature, so confirm the range before applying these meanings.","Photograph the indoor display, or count two complete flash cycles at the outdoor board and write the number down. | Record whether any work has been done at the outdoor unit, and by whom, since the system last ran normally. | Note whether the outdoor fan turns at all when the system is asked to start, without opening any panel.","Compressor terminals, drive circuits, and winding measurements are technician work with the supply isolated and the capacitors discharged. | Ask for the compressor to be tested rather than inferred, because the manual lists wiring and a damaged compressor as alternatives under the same code.","One controlled restart tells you whether the code survives a power interruption. Repeating it asks a drive to keep starting a motor it cannot locate, so stop after the first attempt.",mixed-primary-sources,Haier Appliances,2026-09-03,https://hvac-bench.com/brands/haier/forward-series-f11-f28/
brands/hisense/hi-ultra-xtreme-code-16,Hisense,hisense,16,ductless-mini-split,Hi-Ultra Xtreme R-454B,Hi-Ultra Xtreme 454B models covered by the sensor service manual,temperature-protection,Hisense Hi-Ultra Xtreme code 16 changes with operating mode,"On the documented Hisense Hi-Ultra Xtreme 454B family, code 16 is mode-dependent: in cooling it reports indoor-coil antifreeze protection, while in heating it reports an overload protection condition. Record the active mode because the same number leads to a different diagnostic branch.","This dual meaning belongs to the Hi-Ultra Xtreme R-454B service literature cited here. It must not be applied to Hisense portable appliances, dehumidifiers, other refrigerants, or unrelated ductless series.","Preserve the active mode, photograph code 16, inspect only accessible filters and clearances, and let visible ice thaw without tools or added heat.","Sensor, fan, refrigerant, pressure, wiring, and control-board tests require a technician using the Hi-Ultra Xtreme 454B service procedure.",One restart after a fully thawed cooling coil may establish recurrence; do not cycle a heating overload or a returning protection code repeatedly.,mixed-primary-sources,Hisense HVAC,2026-09-03,https://hvac-bench.com/brands/hisense/hi-ultra-xtreme-code-16/
brands/hitachi/yutaki-alarm-70,Hitachi,hitachi,70,heat-pump,Yutaki hydronic heat-pump systems,Yutaki systems covered by Hitachi alarm 70 guidance,water-flow-fault,Hitachi Yutaki alarm 70: no water flow detected,"Hitachi's Yutaki technical guidance ties alarm 70 to an unsuccessful water-flow check. The alarm does not prove that the circulation pump failed: a blocked hydraulic route, closed valve, clogged filter, air, low water condition, pump problem, or flow detection issue can all prevent confirmed circulation.",This definition is limited to Hitachi Yutaki heating systems covered by the cited manufacturer technical tip. A two-digit Hitachi alarm on an air-conditioning or Set Free controller may have a different scope.,"Record the alarm, model, requested mode, visible controller pressure, recent hydraulic work, and external leakage without opening the appliance.","Flow measurement, pump tests, filter access, air removal, valve diagnosis, and electrical sensing checks require the Yutaki installer or service engineer.",Avoid repeated resets of alarm 70 because an unresolved no-flow condition can continue; follow the user manual and preserve recurrence details.,oem-support,Hitachi Cooling and Heating,2026-09-03,https://hvac-bench.com/brands/hitachi/yutaki-alarm-70/
brands/hitachi/yutaki-alarm-77-78,Hitachi,hitachi,77 / 78,controls-thermostats,ATW-RTU room thermostats paired with ATW-IOT-01 on Yutaki systems,ATW-RTU-12 wireless room thermostat; ATW-IOT-01 interface; Yutaki systems using the ATW-RTU controls,wireless-link-alarm,"Hitachi Yutaki alarms 77 and 78: the radio link, not the heat pump","Both alarms are about communication rather than heating. Alarm 77 means the Yutaki unit has lost communication with the ATW-IOT-01 interface, and alarm 78 means communication between ATW-IOT-01 and the ATW-RTU-12 thermostat has failed.","These alarm numbers belong to the ATW-RTU room thermostat and the ATW-IOT-01 interface on Yutaki systems, as published in the Hitachi installation and operation manual for those controls. Yutaki units raise their own alarms in their own numbering, and a number seen on a wired controller is not necessarily the same number seen on the room thermostat.","Record the alarm exactly, including any decimal, and note which display you read it on. | Confirm the ATW-IOT-01 interface is powered, which is the first check the manual lists for both alarms. | Note whether anything changed in the property recently, such as a new appliance, a partition, or a repositioned thermostat.","Wiring integrity, wire loops, and interference sources on the Yutaki to interface link are installer work rather than owner checks. | A repeating alarm 78.1 is assigned to the room thermostat hardware and the manufacturer response is replacement, which should be arranged rather than attempted.","A link alarm clears when the link recovers, so the useful measure is whether it stays cleared rather than whether it can be dismissed. Record each occurrence instead of clearing and forgetting it.",mixed-primary-sources,Hitachi Cooling and Heating,2026-09-03,https://hvac-bench.com/brands/hitachi/yutaki-alarm-77-78/
brands/ideal-heating/logic-f1-low-pressure,Ideal Heating,ideal-heating,F1,boiler,"Ideal Logic, Logic Max, and Logic Plus boilers that display F1",Logic Combi; Logic Max Combi; Logic Max System; Logic Plus,low-water-pressure,Ideal Logic F1 fault code: what low water pressure means,"Ideal defines F1 as low water pressure in the sealed heating system, and the boiler stops until the pressure is raised. Ideal tells the owner to check the gauge reads between 1 and 1.5 bar and to repressurise with the filling loop if it is low, then to call a Gas Safe registered engineer if the pressure keeps dropping.","This applies to Ideal Logic family boilers whose published fault guidance lists F1. Ideal uses L1 for a flow overheat or no-flow condition, which is a different branch, so read the exact characters on the display before acting.","With the boiler off and cool, read the pressure gauge and top up to about 1.5 bar with the filling loop only if it is below 1 bar. | After topping up, close both filling-loop valves fully and check whether the pressure holds over the next day of normal heating.","A pressure that will not hold, visible leaks or staining, an expansion vessel check, or an F1 that alternates with L1 needs a Gas Safe registered engineer.","Reset once after a successful top-up to 1.5 bar. Ideal notes a separate lockout for resetting too many times in fifteen minutes, so do not cycle the reset while F1 persists.",mixed-primary-sources,Ideal Heating,2026-09-09,https://hvac-bench.com/brands/ideal-heating/logic-f1-low-pressure/
brands/ideal-heating/logic-l1-and-l3-water-flow,Ideal Heating,ideal-heating,L1,boiler,Ideal Logic and Logic Max boilers covered by the published fault code guidance,Ideal Logic Combi; Ideal Logic Max Combi; Ideal Logic System; Ideal Logic Heat,boiler-circulation-fault,Ideal L1 and L3: overheat and no water flow are not the same fault,"Ideal publishes L1 as flow temperature overheat or no water flow and L3 as no water flow. For L1, Ideal says to open all radiator valves, confirm 1 to 1.5 bar, and reset. Its L3 guidance includes checking pressure and bleeding air from radiators. Record the exact code because the published wording and checks are not identical.","These are Ideal Heating's published codes for its Logic and Logic Max ranges. Ideal also publishes an F-series in parallel, so an F1 on the same appliance is low pressure rather than an overheat. A letter and a number read from another manufacturer's boiler carries no relationship to these definitions.","Walk the house and open user-operated radiator valves and thermostatic heads; do not alter lockshield balancing valves. | Read the pressure gauge cold and top up to the 1 to 1.5 bar band Ideal names if it is low. | Bleed radiators that are cold at the top, then recheck the pressure afterwards. | Reset the boiler once after making a change, and observe a full heating cycle before deciding. | Note which radiators stay cold and where they are in the house before calling for service.","L1 or L3 returning after every valve is open, the pressure is correct, and the radiators have been bled. | An L5 code, which indicates the boiler has been reset too many times rather than diagnosing the original fault. | Any suspicion of a circulation pump fault or a blocked circuit, both of which need the casing opened. | Radiators that stay cold at the bottom, which points at debris in the system rather than at air. | Pressure that will not hold after topping up, which is a separate fault running alongside this one.","Ideal's L1 and L3 guidance ends each check with a reset, and its L5 code defines the limit: too many resets within fifteen minutes produces its own lockout, cleared by power cycling. One reset per corrective action, with a full heating cycle observed afterwards, stays inside that boundary.",oem-support,Ideal Heating,2026-09-08,https://hvac-bench.com/brands/ideal-heating/logic-l1-and-l3-water-flow/
brands/ideal-heating/logic-max-l2-fault,Ideal Heating,ideal-heating,L2,boiler,Logic Max Combi boilers in manual 237660 A01,Logic Max Combi 2 C24; Logic Max Combi 2 C30; Logic Max Combi 2 C35,flame-loss-lockout,Ideal Logic Max L2 flame-loss lockout,"On the documented Ideal Logic Max Combi, L2 is a flame-loss lockout. It records failure to establish or retain valid flame through the supervised sequence; it does not prove a dirty electrode. Gas pressure, valve command, spark, electrode and lead, condensate, flue, flame signal, and control require qualified tests.","This L2 interpretation is limited to Logic Max Combi models covered by Ideal manual 237660 A01. Vogue, older Logic, Logic Air, and commercial Ideal appliances use their own fault tables.","Save L2, the model, other gas-appliance status, and audible startup sequence from outside the sealed case without forcing repeated ignition.","Gas pressure, valve, spark, electrode, flame-current, combustion, flue, condensate, wiring, and sealed-case work require a Gas Safe registered engineer.",Use at most one reset allowed by the exact user instructions; a remaining or returning L2 must not be reset repeatedly.,mixed-primary-sources,Ideal Heating,2026-09-03,https://hvac-bench.com/brands/ideal-heating/logic-max-l2-fault/
brands/klimaire/ksiv-e1-error-code,Klimaire,klimaire,E1,ductless-mini-split,KSIV Series,KSIV Series systems covered by Klimaire troubleshooting manual 245,communication-fault,Klimaire KSIV E1 indoor-outdoor communication error,"Klimaire's KSIV troubleshooting literature defines E1 as an indoor-to-outdoor communication error. The code covers the complete path, including terminal order, installed cable, electrical supply, and the transmitting and receiving circuits; it does not independently diagnose a control board.","Use this meaning only for Klimaire KSIV systems within the cited service literature. KSIA, KDIP, and other Klimaire platforms can use different diagnostic tables even when an indoor display looks similar.","Capture E1, both complete model labels, first-occurrence timing, and any externally visible cable damage without opening an electrical panel.","Terminal inspection, cable testing, supply verification, signal measurement, and control-board diagnosis require a qualified KSIV technician.","Limit resetting to one KSIV-approved power cycle; when E1 returns, leave the communication path available for diagnosis.",mixed-primary-sources,Klimaire,2026-09-03,https://hvac-bench.com/brands/klimaire/ksiv-e1-error-code/
brands/klimaire/p4-inverter-drive-error,Klimaire,klimaire,P4,ductless-mini-split,KSIO series systems in the manufacturer troubleshooting manual,KSIO009-H124-I; KSIO012-H123-I,inverter-drive-error,"Klimaire P4: one indoor code, three outdoor LED patterns","P4 is an inverter compressor drive error. On the documented KSIO models the outdoor board publishes three different green and red LED combinations that all display as P4 indoors, so the outdoor board is carrying detail the indoor display does not.","The LED table here is published for KSIO009-H124-I and KSIO012-H123-I in the Klimaire troubleshooting manual. Klimaire documents its series separately, and the KSIA, KSIV, and KDIP families each have their own tables, so confirm the model on the outdoor plate before using this page.","Photograph the indoor display showing P4, and note the time and the mode the system was in. | Observe the outdoor indicator lamps from outside the cabinet and record which are lit or flashing. | Record the outdoor model number from the data plate, since the LED table is published per model.","The manual states it is for use by a certified service technician and warns that capacitors hold charge after the supply is switched off. | Drive diagnosis, module testing, and compressor measurement all require the cabinet open with the bus discharged, which is technician work.","One power interruption establishes whether P4 survives it. Repeating that on a drive error asks the same conversion to be attempted again, so record the outcome of the first attempt and stop.",mixed-primary-sources,Klimaire,2026-09-03,https://hvac-bench.com/brands/klimaire/p4-inverter-drive-error/
brands/lennox/icomfort-alerts-10-31-39,Lennox,lennox,"10, 31, 39",controls-thermostats,"Lennox communicating systems on iComfort S30, E30 and compatible displays, covering furnaces, air handlers, outdoor units, equipment interface modules and iHarmony zoning","Lennox iComfort S30 and E30 communicating thermostats; Lennox communicating furnaces, air handlers and outdoor units on the same bus; Lennox iHarmony damper control module and equipment interface module",intermittent-communication,"Lennox iComfort alerts 10, 31 and 39 that keep coming back: tracing intermittent faults without swapping parts","Only one of the three is a communication code. Alert 31 reports that a component has not communicated with the thermostat for more than three minutes, and Lennox documents it as clearing once communication is restored. Alert 10 reports that an unknown device was found on the bus and needs configuring, not repairing. Alert 39 is a consequence: the system could not turn cooling on for more than 45 minutes, so it takes itself off-line for 60 minutes and retries. Replacing a control to chase 39 replaces the wrong thing.","These entries come from the Lennox residential communicating systems alert table used with iComfort S30 and E30 displays. Lennox equipment running on a conventional 24 volt thermostat does not use this table, and legacy control-board flash patterns on the same appliance carry unrelated meanings.","Record the date, time and outdoor conditions each time an alert appears, and keep the list rather than clearing it. | Look for standing water or a slow drain at the indoor unit, because a float switch in series with the R terminal interrupts communication when it lifts. | Photograph any seven-segment display on the equipment, including a double horizontal line, before power is interrupted.","Voltage and continuity measurement at a communicating control is energised low-voltage work for a qualified technician. | Reconfiguration through the installer control center, and any isolation of devices on the bus one at a time, belongs to the installing contractor.",Lennox documents a power cycle only if alert 31 persists. Cycling power on a fault that has already self-cleared removes the timestamps that make an intermittent pattern visible.,oem-service-manual,Lennox,2026-09-04,https://hvac-bench.com/brands/lennox/icomfort-alerts-10-31-39/
brands/lennox/xp17-icomfort-alert-411,Lennox,lennox,411,heat-pump,XP17 heat pumps with iComfort communicating controls,XP17-024; XP17-030; XP17-036; XP17-042; XP17-048; XP17-060,low-pressure-lockout,Lennox XP17 iComfort Critical Alert 411,"For the Lennox XP17, Critical Alert 411 records repeated low-pressure-switch events that reached a lockout threshold. It does not prove low refrigerant charge: airflow, outdoor conditions, restriction, switch or wiring faults, and the refrigerant circuit all require operating measurements.","This meaning follows the XP17 installation and service procedure cited here. Lennox alert numbers depend on the communicating equipment and control generation, so confirm the outdoor model and alert text together.","Save the complete iComfort alert history, operating mode, filter condition, weather, visible outdoor clearance, and recent service without opening equipment.","Pressure-switch, wiring, refrigerant, airflow commissioning, control-log, and live electrical diagnosis require a Lennox-qualified technician.",Do not repeatedly clear a critical 411 lockout; preserve its history and allow service to test the conditions that opened the protection.,mixed-primary-sources,Lennox,2026-09-03,https://hvac-bench.com/brands/lennox/xp17-icomfort-alert-411/
brands/lennox/xp17-alert-418-419,Lennox,lennox,418 / 419,heat-pump,XP17 heat pumps with iComfort communicating controls,XP17-024; XP17-030; XP17-036; XP17-042; XP17-048; XP17-060,control-input-fault,Lennox XP17 alerts 418 and 419: a W input fault or a miswire,"Alert 418 is raised when the heat pump control sees the W output active while a compressor demand is running, which the installation manual describes as a W input fault or a miswire. Five occurrences within a single demand escalate it to a hardware fault lockout and alert 419.","These alert numbers and the strike behaviour come from the Lennox XP17 installation and service procedure for the models listed. Lennox uses the same numbering family across several iComfort products, and the sequence a given alert follows belongs to the equipment it was published for.","Record the alert number, whether it was 418 or 419, and whether the system was still heating when it appeared. | Note any thermostat replacement, system conversion, or wiring work carried out before the alert started. | Note whether the property has a backup or auxiliary heat source and how it is meant to be controlled.","Low voltage wiring, thermostat configuration, and the field test pins are all inside equipment covers and belong to a qualified technician. | Ask for the wiring and the thermostat configuration to be verified before any part is quoted, since the manual attributes this alert to an input fault or a miswire.","Clearing the lockout restores operation without changing the condition that produced it. If 418 returns after a reset, the wiring or the configuration is still telling the control the same contradictory thing.",mixed-primary-sources,Lennox,2026-09-03,https://hvac-bench.com/brands/lennox/xp17-alert-418-419/
brands/lg/ch04-error-code,LG,lg,CH04,ductless-mini-split,LG single-zone systems in general service manual MFL41161610,LG single-zone indoor units covered by General Service Manual MFL41161610,drain-circuit-fault,"LG CH04: float switch error, or a missing jumper",CH04 reports the float switch circuit rather than a measured water level. On an indoor unit fitted with a float switch it points at drainage or the switch; on a model built without one it follows a short key missing from the float switch connector on the indoor board.,"Whether your indoor unit has a float switch at all decides which half of this code applies, and that depends on the cabinet style and the exact model. Establishing it is the first thing document MFL41161610 asks a technician to do, which is why the characters alone cannot answer CH04 on any single-zone LG system.","Note whether water has appeared at or under the indoor unit, and whether the outside drain discharges during cooling. | Record the indoor model number, since whether a float switch is fitted at all depends on it. | Note any recent work at the indoor unit, particularly a board replacement or a service visit that opened the electrical cover.","The float switch connector, the short key, and the indoor board sit inside the electrical compartment and are technician work with the supply isolated. | Ask for the short key test described in the manual before an indoor board is quoted, because the manual conditions that replacement on it.","A restart tells you whether the circuit reads open again as soon as the board looks at it. Repeating it does not close a drain or refit a short key, so one attempt is the useful limit.",mixed-primary-sources,LG Electronics,2026-09-03,https://hvac-bench.com/brands/lg/ch04-error-code/
brands/lg/ch05-error-code,LG,lg,CH05,ductless-mini-split,LG single-zone systems in MFL41161610,LG single-zone systems covered by General Service Manual MFL41161610,communication-fault,LG CH05 error code: indoor-outdoor communication error,LG's documented CH05 code indicates an indoor-to-outdoor communication error; the same service table groups related CH53 and CH93 communication conditions by system context.,"This page follows the LG general service manual for single-zone ductless systems. LG multi-zone and ducted ranges maintain their own code tables, and a CH number read from a different manual is not interchangeable, so confirm the model against the manual before relying on this definition.","Record the complete code, model numbers, and whether either unit shows signs of power. | Note whether the code followed an outage, installation, or other electrical work without opening a panel.","Terminal, grounding, resistance, motor, and PCB checks in the service manual require a qualified technician. | Wait-time and stored-energy warnings in the service literature must be followed before electrical access.",A controlled power cycle can document recurrence; continuing CH05 should be diagnosed rather than repeatedly cleared.,oem-service-manual,LG Electronics,2026-09-02,https://hvac-bench.com/brands/lg/ch05-error-code/
brands/lg/ch07-operating-mode-conflict,LG,lg,CH07,multi-zone,LG multi-split systems where several indoor units share one outdoor unit,LG Multi F; LG Multi F Max; Art Cool multi-zone heads; ceiling cassette multi-zone heads,operating-mode-conflict,LG CH07 error code: indoor units set to conflicting modes,"LG shows CH07 on a multi-split when the indoor units connected to one outdoor unit are set to modes that cannot run at the same time, such as one head in heating and another in cooling or dehumidification. It is a setting conflict, not a hardware fault, and it clears when every head is set to a compatible mode.","This applies to LG multi-split systems where more than one indoor unit shares a single outdoor unit. A single-split system with one indoor and one outdoor unit does not produce CH07 for this reason, so confirm the system is a multi-split first.","Check the mode shown on every indoor remote for units sharing the outdoor unit, and set them all to heating or all to cooling. | After the modes match, turn the affected heads off and on again and confirm CH07 has cleared.","If CH07 stays after every head is confirmed on the same mode, a wired controller or communication fault may be reporting a mode incorrectly, which needs an LG technician.","Turning the heads off and on after matching their modes is the reset. If CH07 returns with every head confirmed on one mode, stop and have the controllers checked.",oem-support,LG Electronics,2026-09-09,https://hvac-bench.com/brands/lg/ch07-operating-mode-conflict/
brands/midea/e1-error-code,Midea,midea,E1,ductless-mini-split,"Aurora Xtreme Inverter 36,000 BTU cooling-only 220 V","Aurora Xtreme Inverter 36,000 BTU cooling-only 220 V documented model",communication-fault,Midea E1 error code: Aurora Xtreme communication fault,"In the cited Midea Aurora Xtreme service manual, E1 means the indoor unit repeatedly failed to receive feedback from the outdoor unit; other Midea product categories can assign E1 differently.","This meaning belongs to one documented model: the Aurora Xtreme Inverter at 36,000 BTU, cooling only, 220 V. Midea builds across window units, portables, ducted equipment, and several ductless ranges, and E1 is not reserved for communication in all of them. If your model plate does not match, this page is the wrong page.","Verify the exact model family before using this meaning, because Midea E1 is not universal. | Record whether the code appears after a power interruption or installation work.","Signal-voltage measurement, reactor inspection, and PCB replacement are technician procedures. | Do not open the outdoor electrical compartment or attempt live meter tests.","The cited service flow begins with a two-minute power-off restart; if E1 returns, stop at homeowner observations and obtain service.",oem-service-manual,Midea,2026-09-02,https://hvac-bench.com/brands/midea/e1-error-code/
brands/midea/e2-indoor-coil-sensor,Midea,midea,E2,ductless-mini-split,"Midea wall-split systems, and systems built on the same platform sold under other names, that publish E2",Midea EVOX; Midea All Easy; Midea Xtreme Save; platform-partner wall units,temperature-sensor-fault,Midea E2 error code: indoor coil temperature sensor fault,"Midea assigns E2 to a fault on the indoor coil temperature sensor, the thermistor clipped to the evaporator pipework. The control sees the sensor reading as an open circuit or a short circuit, so it stops relying on it. The fault is in the sensor, its wiring, or the board input, not in the coil itself.","This meaning follows Midea troubleshooting and service literature for wall-split systems that list E2 as the indoor coil or tube sensor fault. Midea supplies platforms to other brands with the same code table, and Midea's own portable and window units number codes differently, so confirm the model.","Note whether E2 is steady from every start or intermittent, and whether a power cycle clears it and for how long. | Record the indoor and outdoor model numbers so a technician can look up the correct sensor resistance table.","Measuring the sensor resistance, inspecting the harness and connector, and replacing the sensor or the board all require opening the indoor unit and belong with a technician.","A restart can show whether E2 is intermittent, which helps a technician. It does not repair a broken sensor or wire, so a returning E2 needs a meter rather than another reset.",mixed-primary-sources,Midea,2026-09-09,https://hvac-bench.com/brands/midea/e2-indoor-coil-sensor/
brands/mitsubishi/e6-communication-error,Mitsubishi Electric,mitsubishi,E6,ductless-mini-split,Mitsubishi Electric M-Series and Mr Slim systems that publish the E-series communication table,MSZ-GL; MSZ-AP; MSZ-FH; MUZ paired outdoor units,communication-fault,Mitsubishi Electric E6 error code: indoor to outdoor communication fault,"Mitsubishi Electric assigns E6 to a communication error between the indoor and outdoor units, detected on the indoor side. The two ends have stopped exchanging their signal over the connecting cable, so the code identifies a broken conversation rather than a specific failed board.","This meaning follows Mitsubishi Electric literature for the M-Series and Mr Slim families that publish an E-series table with E6 and E7. Mitsubishi Heavy Industries and other brands assign these characters differently, so confirm both model numbers before applying this page.","With the system off at the isolator, check for any obvious damage to the visible run of interconnecting cable and confirm no recent storm, outage, or rodent activity. | Record when E6 started, whether it followed any install or electrical work, and whether the outdoor fan turns while the code is shown.","Inspecting the S1, S2, S3 terminals, testing conductor continuity, and checking the board communication circuits all require isolating power and belong with a qualified technician.","Cycling the isolator once shows whether E6 clears on a restart. A code that comes straight back means the link is still down, and each extra reset only wipes timing a technician wants.",oem-support,Mitsubishi Electric; Mitsubishi Electric Trane HVAC US,2026-09-09,https://hvac-bench.com/brands/mitsubishi/e6-communication-error/
brands/mitsubishi/ecodan-l9-flow-rate,Mitsubishi Electric,mitsubishi,L9,heat-pump,"Ecodan FTC5 cylinder units, EHPT20X-MHCW and EHST20(D)(C)-MHCW",Ecodan EHPT20X-MHCW packaged cylinder units; Ecodan EHST20(D)(C)-MHCW split cylinder units; Packaged outdoor units PUHZ-W50 to PUHZ-HW140 and split outdoor units SUHZ-SW45 to PUMY-P140,water-flow-fault,Ecodan L9: three different flow faults share one code,"L9 means the control has measured low flow in a primary water circuit. The manual lists it three times for three circuits: heat source side sensed by the flow sensor, then Zone1 and Zone2, each sensed by a flow switch. The digit shown in Request code 569 under Running information tells you which of the three it is. It reports a measurement, not a failed pump.","Scoped to the FTC5 controller as documented in the EHPT20X-MHCW and EHST20(D)(C)-MHCW cylinder service manual. Later FTC generations and the newer Ecodan ranges carry their own code tables, and a code letter shared between two controllers is not a shared meaning.","Read the fault code and then look up Request code 569 in Running information on the main controller, and write down the digit shown. | Photograph the outdoor unit model number on the data plate, since the recommended flow range is per model. | Note the system pressure on the gauge and whether the pressure has been falling, since a leak is on the manufacturer's cause list. | Record whether the code appears at start-up or during steady running, and whether the circuit has been opened recently. | Check that no radiator valve or zone valve has been closed off since the system last ran normally.","Strainer cleaning, purging a sealed system, and any work that breaks into the water circuit belong to the installer or a qualified heating engineer. | Electrical testing of the flow sensor, the flow switch, the CN1A connector, and the IN2, IN3, and IN7 terminals is technician work on a live control. | DIP switch settings on the FTC board are commissioning parameters, and changing one without knowing which circuits exist can hide the fault rather than clear it. | Replacing or resizing the circulation pump is a design decision about system head, not a parts swap.",,mixed-primary-sources,Mitsubishi Electric,2026-09-07,https://hvac-bench.com/brands/mitsubishi/ecodan-l9-flow-rate/
brands/mitsubishi/p6-freeze-overheat-protection,Mitsubishi Electric,mitsubishi,P6,ductless-mini-split,Mitsubishi Electric Mr Slim and M-Series systems that publish the P-series protection table,MSZ-GL; MSZ-FH; MSZ-AP; MUZ paired outdoor units,coil-temperature-protection,Mitsubishi Electric P6 error code: coil freeze or overheat protection,"Mitsubishi Electric assigns P6 to a freezing or overheating protection trip at the indoor coil. In cooling the coil pipe temperature fell far enough to risk ice, and in heating it climbed too high, so the control stopped the compressor. It points at airflow across the coil, the coil thermistor, or the refrigerant condition rather than at one named part.","This reading follows Mitsubishi Electric literature for the Mr Slim and M-Series families that publish a P-series protection table. Other Mitsubishi Electric ranges, and Mitsubishi Heavy Industries equipment, use different code tables, so match the indoor and outdoor model numbers first.","With the system off, remove and clean the indoor filters, dry them fully, refit them, and confirm nothing blocks the intake or outlet of the indoor unit. | Note whether P6 happened in cooling or heating, whether the coil was frosted, and whether airflow felt weak beforehand.","Checking refrigerant charge, cleaning the indoor coil or blower wheel, and measuring or replacing the coil thermistor require a qualified technician with gauges.",One restart after cleaning the filters is reasonable to see whether airflow was the cause. Repeated resets while P6 returns only cycle the compressor against a protection limit.,mixed-primary-sources,Mitsubishi Electric,2026-09-09,https://hvac-bench.com/brands/mitsubishi/p6-freeze-overheat-protection/
brands/mitsubishi/p8-fault-code,Mitsubishi Electric,mitsubishi,P8,ductless-mini-split,Mr Slim families covered by Mitsubishi Electric's P8 reference,Mr Slim systems listed in the P8 reference,coil-temperature-fault,Mitsubishi Electric P8 fault: what the code actually narrows down,"Mitsubishi Electric P8 reports an abnormal piping-temperature relationship. It can follow low refrigerant flow, a restricted circuit, a displaced or faulty thermistor, or crossed piping and wiring on some multi systems; P8 does not identify one failed part.","This interpretation is limited to Mitsubishi Electric systems included in the cited P8 reference. It does not apply to Mitsubishi Heavy Industries equipment, and the exact service sequence must be selected by the complete indoor and outdoor model numbers.","Photograph the full code and both model plates, then record the mode and elapsed run time when P8 returns.","Refrigerant measurements, thermistor testing, terminal checks, and correction of paired piping or wiring belong to qualified service personnel.",Use only one restart permitted by the model instructions; a returning P8 should remain available for diagnosis rather than be repeatedly cleared.,oem-support,Mitsubishi Electric; Mitsubishi Electric Trane HVAC US,2026-09-03,https://hvac-bench.com/brands/mitsubishi/p8-fault-code/
brands/mrcool/el01-e1-error-code,MRCOOL,mrcool,EL01 / E1,ductless-mini-split,MRCOOL generations and models identified in official support,Generation 4 indoor units; Generation 5 indoor units; Models identified in the official EL01/E1 guide,communication-fault,MRCOOL EL01 or E1 error code: communication malfunction,"MRCOOL identifies EL01 or E1 on the supported mini-split families as an indoor-to-outdoor communication malfunction, which implicates the connection path without proving one component failed.","MRCOOL revises its code display between product generations, which is why the same fault reaches you as EL01 on some equipment and E1 on others. Match the characters you see and the generation of your indoor unit against the official code table before acting, because the table is the thing that resolves which entry applies.","Match the displayed code and model generation to MRCOOL's official code table. | With power off at the breaker, wait as the official guide directs and note whether one restart clears the display.","Terminal access, voltage measurements, board LEDs, and component isolation expose hazardous electrical parts and are technician work. | If the code returns, contact qualified service or MRCOOL support with model and serial information.","MRCOOL's guide begins with a breaker-off wait; use that once, then escalate if the code remains or returns.",oem-support,MRCOOL,2026-09-02,https://hvac-bench.com/brands/mrcool/el01-e1-error-code/
brands/mrcool/p0-pc00-error-code,MRCOOL,mrcool,P0 / PC00,ductless-mini-split,MRCOOL mini-splits covered by official P0/PC00 support,MRCOOL mini-splits displaying P0 or PC00 per official support,inverter-module-protection,MRCOOL P0 or PC00 error code: inverter module protection,"MRCOOL identifies P0 or PC00 as an inverter-module or compressor-protection condition associated with abnormal voltage or current, wiring, the inverter module, or the compressor.","P0 and PC00 are the same protection shown by different display generations, in the same way MRCOOL communication faults appear as EL01 or E1. Confirm the characters and the model against the official code table, and do not carry a P code from another brand into MRCOOL equipment, because the letter and number pairings are not an industry standard.",Turn the unit off and check for visible outdoor airflow blockage without removing covers. | Record when the code appears and whether it followed an outage or severe weather.,"Live supply checks, inverter-module tests, compressor tests, and internal wiring inspection require qualified service. | Do not handle capacitors, DC bus components, or compressor terminals.",A returning P0 or PC00 should remain off pending diagnosis instead of being repeatedly restarted.,oem-support,MRCOOL,2026-09-02,https://hvac-bench.com/brands/mrcool/p0-pc00-error-code/
brands/mrcool/p1-pc01-error-code,MRCOOL,mrcool,P1 / PC-01,ductless-mini-split,MRCOOL single-zone and multi-zone families in official support,115 V single-zone systems identified by MRCOOL; 230 V single-zone systems identified by MRCOOL; MRCOOL multi-zone systems,voltage-protection,MRCOOL P1 or PC-01 error code: voltage protection,"MRCOOL describes P1 or PC-01 as a voltage-related protection condition; exact terminal layout and acceptable supply depend on whether the documented system is 115 V, 230 V, single-zone, or multi-zone.","What counts as an acceptable supply is not one number across the MRCOOL range. A 115 V single-zone system, a 230 V single-zone system, and a multi-zone system have different expectations and different terminal arrangements, so the official material for your configuration governs, not a figure quoted for a different one.","Record the full indoor and outdoor model numbers, displayed code, and whether other circuits in the home lost power. | Check only the normal breaker position and do not repeatedly reset a breaker that trips.","MRCOOL's voltage measurements require panel access and live electrical testing; use a qualified HVAC or electrical professional. | A tripping breaker, heat, odor, or damaged wiring requires the equipment to remain off.",Do not use repeated resets to override voltage protection; one recurrence is enough to justify supply and equipment diagnosis.,oem-support,MRCOOL,2026-09-02,https://hvac-bench.com/brands/mrcool/p1-pc01-error-code/
brands/mrcool/p4-pc04-inverter-drive,MRCOOL,mrcool,P4 / PC04,ductless-mini-split,MRCOOL DIY mini-split generations that report an inverter compressor drive fault,DIY 3rd Gen; DIY 4th Gen; DIY 5th Gen; Advantage series,inverter-module-protection,MRCOOL P4 and PC-04 error code: inverter compressor drive fault,"MRCOOL uses this code for an inverter compressor drive fault, shown as P4 on generations before the fourth and as PC-04 on fourth generation DIY equipment. The drive electronics that run the compressor have reported an abnormal condition and stopped it. The cause differs between a newly installed system and one that has been running.","This meaning follows MRCOOL DIY support literature for the generations that display P4 or PC-04. The generation matters more than the digits, because MRCOOL renumbers codes between series, so identify the DIY generation from the model number before using this page.","Identify the DIY generation from the model number so the correct code table and parts list are used. | Isolate power at the breaker for fifteen minutes, then restart once, and note whether P4 or PC-04 returns.","Testing the run capacitor, contactor, inverter module, and compressor current, and checking supply voltage under load, require a qualified technician working at energised terminals.",One restart after the fifteen-minute power-off is the reset MRCOOL describes. Repeating it while P4 or PC-04 returns stresses the drive and the compressor and removes useful timing information.,oem-support,MRCOOL,2026-09-09,https://hvac-bench.com/brands/mrcool/p4-pc04-inverter-drive/
brands/nibe/f2120-alarm-228,NIBE,nibe,228,heat-pump,F2120 air-to-water heat pumps,F2120-8; F2120-12; F2120-16; F2120-20,defrost-failure,NIBE F2120 alarm 228 after unsuccessful defrosting,"NIBE's F2120 installer manual associates alarm 228 with ten unsuccessful defrosting attempts. The alarm reports failed recovery across repeated cycles, not a single defective defrost part. Outdoor airflow, ice and drainage, sensors, fan, refrigerant operation, reversing process, and controls need installer evidence.","This definition is for the NIBE F2120 manual cited here. S2125, F2040, exhaust-air, and ground-source NIBE products have different alarm logic even when connected to a similar indoor controller or myUplink.","Record alarm history, weather, visible frost, all outdoor clearances, base drainage, runoff, and whether backup heat maintains the building.","Defrost history, sensor, fan, refrigeration, reversing, drainage design, installer-menu, and live electrical checks require a NIBE installer.",Do not repeatedly clear alarm 228 or force service-menu defrost; the ten failed attempts and their operating data need installer review.,mixed-primary-sources,NIBE,2026-09-03,https://hvac-bench.com/brands/nibe/f2120-alarm-228/
brands/panasonic/f11-four-way-valve,Panasonic,panasonic,F11,ductless-mini-split,Panasonic reverse-cycle wall split systems that report F11 in the self-diagnosis table,CS/CU-Z series heat pump; CS/CU-TZ series heat pump; CS/CU-RZ series heat pump,reversing-valve-fault,Panasonic F11 error code: four-way valve switching fault,"Panasonic assigns F11 to a four-way valve switching abnormality. The system commanded the reversing valve to change between heating and cooling, then read the coil temperatures and did not see the change it expected, so it stopped. It points at the valve, its coil, the wiring, or the sensors used to confirm the switch.","This meaning follows Panasonic self-diagnosis literature for reverse-cycle wall split systems that list F11. Cooling-only models do not have a four-way valve, and other Panasonic ranges use different code tables, so confirm the model is a heat pump and check both model numbers.","Note which mode the unit was in or changing to when F11 appeared, and whether it had just come out of a defrost cycle. | Note whether the air was the wrong temperature for the selected mode before the unit stopped.","Testing the reversing valve solenoid, inspecting the valve, and reading pressures across it require a technician with gauges, and replacing the valve is sealed-circuit work.","A power cycle clears the stored F11 but does not free a stuck valve or repair a coil. If it returns on the next mode change or defrost, the changeover hardware needs checking.",mixed-primary-sources,Panasonic,2026-09-09,https://hvac-bench.com/brands/panasonic/f11-four-way-valve/
brands/panasonic/h11-communication-error,Panasonic,panasonic,H11,ductless-mini-split,Panasonic wall-mounted split systems that report H-series and F-series self-diagnosis codes,CS/CU-Z series; CS/CU-TZ series; CS/CU-RZ series; Etherea wall units,communication-fault,Panasonic H11 error code: no communication between indoor and outdoor,"Panasonic assigns H11 to an abnormal serial communication between the indoor and outdoor units. The signal that normally passes over the connecting cable has stopped, so the indoor board cannot exchange data with the outdoor board. It points at the interconnecting wiring or a board circuit at one end.","This reading follows Panasonic self-diagnosis literature for wall-mounted split systems that use the H and F code families. Panasonic Aquarea heat pumps and ducted ranges use different tables, so confirm the indoor and outdoor model numbers first.","Run the remote self-diagnosis to confirm the stored code is H11 rather than another H or F code. | With the system off at the isolator, check the visible connecting cable for obvious damage and note whether the outdoor fan turns while H11 is shown.",Checking the connecting cable at the terminals and testing the board communication circuits require isolating power and belong with a Panasonic dealer or qualified technician.,"One power cycle at the isolator shows whether H11 survives a restart. If it returns, the link is still broken, and repeated resets only clear the stored code without fixing anything.",mixed-primary-sources,Panasonic,2026-09-09,https://hvac-bench.com/brands/panasonic/h11-communication-error/
brands/panasonic/aquarea-h62-error-code,Panasonic,panasonic,H62,heat-pump,Aquarea air-to-water heat pumps,Aquarea systems covered by the 2022 end-user manual,water-flow-fault,Panasonic Aquarea H62: read it as a water-flow fault,"Panasonic's Aquarea end-user guidance identifies H62 as a water-flow error and directs the owner to an authorised installer. The code says required circulation was not confirmed; it does not decide whether the cause is system pressure, a closed valve, trapped air, blockage, pump operation, sensing, or wiring.","This answer applies to Panasonic Aquarea air-to-water heat pumps within the cited European end-user manual. Panasonic residential air conditioners use H codes too, but their meanings must not be transferred to Aquarea.","Photograph H62 and the visible pressure value, note the active heating or hot-water demand, and check only for external water leakage.","Pump, flow-sensor, valve, strainer, pressure, venting, wiring, and internal hydraulic checks belong to the authorised Aquarea installer.",Do not repeatedly clear H62; follow the model's user instruction and let the installer preserve and diagnose a returning water-flow alarm.,mixed-primary-sources,Panasonic,2026-09-03,https://hvac-bench.com/brands/panasonic/aquarea-h62-error-code/
brands/pioneer/e1-temperature-sensor-error-code,Pioneer,pioneer,E1,ductless-mini-split,"Diamante Essenza, Diamante Pro, Quantum Fresh, Hyperformance, and Ultra",WYT-17; WYT-20; WYT-FA; WYT-25; CYT-24; RYT-24; UYT-24; WYT-24,temperature-sensor-fault,Pioneer E1 error code: room-temperature sensor failure,"On the Pioneer families listed by the current official guide, E1 indicates an indoor room-temperature sensor failure; this differs from the communication meaning used by specified discontinued Quantum equipment.","The sensor meaning applies to the models the current Pioneer guide lists, including the WYT, CYT, RYT, and UYT designations shown above. If your indoor unit belongs to one of the discontinued Quantum families, the same characters report a communication failure and the diagnosis is completely different.",Compare both indoor and outdoor model numbers with the guide's supported-model list before interpreting E1. | Record the room conditions and whether the displayed temperature appears implausible.,"Sensor resistance, connector, and PCB diagnosis requires the exact service data and qualified equipment access. | Do not substitute the older Quantum communication procedure for these listed models.","If E1 returns after one permitted power cycle, the sensor circuit needs model-specific diagnosis.",oem-support,Pioneer,2026-09-02,https://hvac-bench.com/brands/pioneer/e1-temperature-sensor-error-code/
brands/pioneer/e1-communication-error-code,Pioneer,pioneer,E1 / EL01 / EL 01,ductless-mini-split,"Discontinued Quantum WYS, CYB, RYB, UYB, and FYB",WYS; CYB; RYB; UYB; FYB; Additional models listed in the official guide,communication-fault,"Pioneer E1, EL01, or EL 01: Quantum communication error","For the discontinued Pioneer Quantum families and models listed in the official guide, E1, EL01, or EL 01 means the indoor and outdoor units cannot communicate successfully.","This is the older of two Pioneer E1 meanings. It applies to the discontinued Quantum WYS, CYB, RYB, UYB, and FYB families and the companion models the official guide lists. On the current Pioneer families, E1 reports a room temperature sensor failure instead, which is a different fault with a different diagnosis.","Confirm the unit is one of the exact discontinued Quantum families covered by the guide. | Record whether the code appeared after installation, service, or a power interruption.","The official diagnostic path includes terminal, voltage, PCB, and high-voltage component tests that require qualified service. | Do not use this page for newer Pioneer families where E1 can mean a sensor fault.",The official guide allows a two-minute power-off restart for an existing installation; a returning code requires diagnosis.,oem-support,Pioneer,2026-09-02,https://hvac-bench.com/brands/pioneer/e1-communication-error-code/
brands/pioneer/refrigerant-detector-codes,Pioneer,pioneer,Fd / Fy / Hd,ductless-mini-split,Diamante and Quantum systems in the manufacturer code list,Diamante systems covered by the Pioneer code list; Quantum systems covered by the Pioneer code list; Multi-Zone Quantum Ultra systems where the same list applies,refrigerant-detection,"Pioneer Fd, Fy, and Hd: three codes from the leak detector","Pioneer assigns three different codes to the refrigerant detector. Fd reports a detector fault, Fy reports refrigerant leakage detected, and Hd reports that the leak detector is detecting refrigerant. Only two of the three say anything about refrigerant being present.","These meanings come from the Pioneer code list published for Diamante and Quantum systems. Pioneer maintains separate code documentation for its dehumidifiers, its recreational vehicle systems, and the Vertex ducted central split range, and the same characters on another manufacturer's equipment mean something else entirely.","Photograph the exact characters on the display, since Fd, Fy, and Hd are three different messages. | Ventilate the room and stop the system if the code is one of the two that report refrigerant present. | Write down any recent work, decorating, or aerosol use near the indoor unit and the date the code first appeared.","Refrigerant detection, recovery, leak location, and recharging require a certified technician with the correct equipment for the refrigerant in the system. | A faulty detector reported by Fd should be repaired rather than bypassed, because the system is running without the monitoring it was built with.","A code reporting detected refrigerant is not one to clear and carry on with. Leave the system off and arrange service, because a reset removes the message rather than the condition that produced it.",oem-support,Pioneer,2026-09-03,https://hvac-bench.com/brands/pioneer/refrigerant-detector-codes/
brands/rheem/furnace-ignition-lockout-and-reset,Rheem,rheem,1 Blink,furnace,Rheem residential gas furnaces covered by the published technical FAQ,Rheem residential gas furnaces with electronic ignition and flame rectification,furnace-ignition-lockout,Rheem furnace one-blink lockout: four trials or four flame failures,"Rheem publishes the one-blink code as no flame sensed after four ignition trials, or four flame failures during one call for heat. Those are two different histories: in the first the burner never established a flame, and in the second it lit four times and the signal was lost each time. To clear it, Rheem has the owner interrupt the 115 volt supply, or switch the thermostat off, for a count of five to ten seconds.","This code and reset method come from Rheem's published gas furnace technical FAQ and apply to the Rheem furnaces it covers. Ruud furnaces share much of the Rheem platform but their own literature governs, and a single flash on another manufacturer's control means something else entirely.","Stand where you can hear the furnace and note whether the burner is audible on each attempt before the lockout. | Count the blinks and confirm the pattern repeats rather than changing between cycles. | Check that other gas appliances in the house work, without operating a valve or opening the furnace cabinet. | Confirm the filter is clean and every supply register is open, since airflow faults produce a different code. | Clear the lockout once, by interrupting the 115 volt supply or the thermostat for a count of five to ten seconds.","The same lockout returning after one reset with the gas supply confirmed. | A two-blink or four-blink pressure-switch pattern, which is a separate combustion-safety service path. | Any work on the flame sense rod, gas valve, or manifold pressure, all of which need the burner compartment opened. | Suspected supply polarity or grounding problems, which are electrical rather than heating work. | Any smell of gas, which is an evacuation and an emergency call rather than a service request.","The published clearing method interrupts the 115 volt supply, or the thermostat, for a count of five to ten seconds. One attempt after you have observed and recorded the sequence is the whole of the useful allowance, because a cause that is still present produces the same four attempts and the same lockout.",mixed-primary-sources,Rheem; Trane,2026-09-08,https://hvac-bench.com/brands/rheem/furnace-ignition-lockout-and-reset/
brands/rheem/r96v-fault-57,Rheem,rheem,57,furnace,R96V communicating condensing gas furnaces,R96V Series models in Rheem document 92-24161-184,pressure-switch-fault,Rheem R96V fault 57: pressure switch open at the wrong time,"Rheem R96V fault 57 means the combustion pressure switch is open when the control expects it closed. The furnace can withhold gas heat while other modes remain available. The code does not prove a defective switch because draft, venting, condensate, tubing, inducer, wiring, and actual pressure determine its state.","This definition applies to R96V furnaces covered by Rheem document 92-24161-184. Other Rheem control generations and water-heating products can assign 57 differently, so use the full furnace model.","With panels intact, capture code 57, thermostat demand, inducer sound, time to fault, and safe exterior photos of the vent termination.","Draft measurement, vent and condensate access, inducer testing, tubing inspection, switch verification, wiring, and combustion work require licensed furnace service.",Do not power-cycle fault 57 repeatedly or bypass the pressure switch; a returning pressure-proof failure requires measured combustion-path diagnosis.,mixed-primary-sources,Rheem,2026-09-03,https://hvac-bench.com/brands/rheem/r96v-fault-57/
brands/rheem/econet-a006-c-odu-communication-failure,Rheem,rheem,A006_C,controls-thermostats,Rheem and Ruud EcoNet communicating systems in which a smart thermostat or control center shares a four-wire network with indoor and outdoor equipment,"Rheem EcoNet Smart Thermostat; Rheem and Ruud EcoNet Control Center, parts RETST600SYS and UETST600SYS; Communicating Rheem and Ruud outdoor units on the same EcoNet network",outdoor-communication-failure,Rheem EcoNet A006_C outdoor unit communication failure: why a breaker reset holds for a while,"The alarm reports that the control is no longer hearing the outdoor unit, which is a statement about the path between them rather than about the outdoor unit itself. Cutting power at the breaker forces the whole network to start again, so a marginal connection that had drifted out of tolerance gets one more chance to work. That is why the system runs afterwards, and it is also why nothing about the restart tells you the connection has been repaired.","EcoNet is a wired communicating network, and this page describes the network requirements published for Rheem and Ruud EcoNet controls. It does not cover Rheem equipment running on a conventional 24 volt thermostat, where no equivalent alarm exists.","Photograph the alarm history and the current alarm screen before interrupting power, because a restart clears the active entry. | Record the outdoor temperature and the time at each occurrence so a repeatable trigger becomes visible. | Note whether the indoor section kept running, which separates a whole-network problem from an outdoor one.","Inspecting the network run for a star branch, and checking terminations at each device, means opening equipment enclosures and is qualified service work. | Measuring supply voltage at a communicating device under load is an energised measurement for a technician.",One breaker cycle is a reasonable test and its result is worth recording. Repeating it on an alarm that returns within minutes gives no new information and erases the current alarm each time.,oem-operation-manual,Rheem; Ruud,2026-09-04,https://hvac-bench.com/brands/rheem/econet-a006-c-odu-communication-failure/
brands/ruud/r96t-fault-58,Ruud,ruud,58,furnace,R96T two-stage communicating condensing furnaces,R96T Series models covered by the cited installation manual,water-sensor-circuit,Ruud R96T fault 58: open water-sensor circuit,"On the documented Ruud R96T, fault 58 means the water-sensor circuit is open. Depending on the installed configuration, that path can include a water sensor or a required jumper plus its wiring and control input. It is not the same as the combustion pressure-switch codes and does not prove water is present.","This definition is limited to the R96T manual cited here. Rheem and Ruud share some platforms, but model suffix, control generation, optional sensor configuration, and the exact code table still govern the diagnosis.","Keep panels closed, photograph fault 58 and the rating plate, and observe only external water or recent drain work from a safe position.","Configuration verification, sensor and jumper access, continuity tests, condensate diagnosis, wiring repair, and control-input checks require qualified furnace service.",Do not bypass or repeatedly reset an open water input; identify whether the R96T expects a sensor or jumper and repair the cause.,mixed-primary-sources,Ruud,2026-09-03,https://hvac-bench.com/brands/ruud/r96t-fault-58/
brands/samsung/windfree-c101-c102-error,Samsung,samsung,C101/C102,ductless-mini-split,WindFree 3.0 AR C,WindFree 3.0 AR C indoor and outdoor combinations,communication-fault,Samsung WindFree C101 and C102 communication errors,"On Samsung WindFree 3.0 AR C systems, C101 and C102 identify failed communication between indoor and outdoor equipment. The service path includes the interconnect cable, its terminal order and continuity, supply conditions, and control boards; the display alone cannot select a part.","Use this definition only for WindFree 3.0 AR C combinations covered by the cited Samsung service manual. Samsung assigns similar-looking codes differently across RAC, FJM, VRF, and appliance products.","Save the exact display, both model plates, first-occurrence timing, and the operating status of any other connected indoor units.","Cable continuity, terminal correction, live communication measurements, and control-board work require a qualified air-conditioning technician.","Use one restart only when the operating instructions permit it; if the same code returns, keep the display available for measured diagnosis.",mixed-primary-sources,Samsung,2026-09-03,https://hvac-bench.com/brands/samsung/windfree-c101-c102-error/
brands/senville/ec51-error-code,Senville,senville,EC 51,ductless-mini-split,Senville systems covered by the manufacturer EC 51 support article,Senville multi-zone systems covered by the cited support article,configuration-memory-fault,Senville EC 51: the board cannot read its own configuration,"EC 51 means a main control chip is not receiving proper feedback from the EEPROM, the memory component holding the system's configuration data. It is a fault inside the electronics rather than a reading taken from the refrigerant circuit or the air path.","This meaning follows the Senville support article for EC 51. Senville files codes by prefix, and EC codes on the equipment sit alongside EH, EL, and PC families that report different things, so match the exact characters and the prefix before using this page. Other manufacturers building on the same control platform publish their own version of the table.","Photograph the code exactly as displayed, including the space and both digits, and note which head showed it. | Carry out one complete power-off restart of two minutes and record whether the code returns and how quickly. | Note any recent electronics work, board replacement, or accessory fitting on the system.","Diagnosis of a configuration-memory fault requires the electrical compartment to be opened with the supply isolated, which is technician work. | Ask a technician to confirm the fault before any board is ordered, since the code narrows the fault to the electronics without selecting a board.","One complete power-off of two minutes is the documented attempt. If EC 51 returns, further restarts do not repair stored configuration and only erase the timing information a technician can use.",oem-support,Senville,2026-09-03,https://hvac-bench.com/brands/senville/ec51-error-code/
brands/senville/eh02-error-code,Senville,senville,EH 02,ductless-mini-split,LETO and AURA models using an applicable AC fan motor,Senville LETO models with the applicable AC fan design; Senville AURA models with the applicable AC fan design,zero-crossing-signal-fault,Senville EH 02 error code: zero-crossing signal fault,Senville says EH 02 on applicable LETO and AURA equipment means the indoor PCB is not receiving the expected zero-crossing feedback associated with the AC fan motor; it does not apply the same way to DC-motor designs.,"This code is attached to a specific indoor fan motor design. Senville support scopes EH 02 to LETO and AURA models using the applicable AC fan motor, so a model built around a DC motor does not share the same signal arrangement and should not be diagnosed from this entry.","Confirm the exact series and whether the model uses the applicable AC fan motor before using this diagnosis. | Turn off system power completely, wait two minutes as Senville directs, and observe whether the code returns.","If the code remains, wiring, supply, fan design, and indoor PCB checks belong with qualified service. | Do not access the indoor electrical enclosure or test energized components.",Senville specifies one complete two-minute power-off restart; recurrence means the fault needs service.,oem-support,Senville,2026-09-02,https://hvac-bench.com/brands/senville/eh02-error-code/
brands/senville/pc0a-error-code,Senville,senville,PC 0A,ductless-mini-split,Senville LETO Series,Senville LETO Series models listed by official support,condenser-high-temperature-protection,Senville PC 0A: condenser high-temperature protection,"Senville's LETO reference identifies PC 0A as condenser high-temperature protection, a protective shutdown that calls for airflow inspection before deeper refrigeration or control diagnosis.","This entry comes from the Senville LETO series code reference. Protection thresholds are set for a specific outdoor design, so a code that looks similar on another Senville series or another brand needs its own documentation rather than this definition.","With the system off, remove loose leaves or objects blocking the outdoor unit's clear airflow area. | Confirm the outdoor fan area is not visibly packed with debris without removing the grille or panels.","Coil deep-cleaning, fan diagnosis, refrigerant evaluation, sensor tests, and control checks require qualified service. | Keep the system off if the outdoor unit is hot, damaged, or repeatedly enters protection.",Allow the unit to cool after clearing only external obstructions; repeated PC 0A should not be reset into continued operation.,oem-support,Senville,2026-09-02,https://hvac-bench.com/brands/senville/pc0a-error-code/
brands/tado/smart-radiator-thermostat-e1,tado,tado,E1,controls-thermostats,tado Smart Radiator Thermostat,Smart Radiator Thermostat; Smart Radiator Thermostat X where the cited support flow applies,radiator-valve-calibration,tado Smart Radiator Thermostat E1 calibration error,"tado defines Smart Radiator Thermostat E1 as calibration failure because the closed valve position was not detected. The support path focuses on secure mounting, the correct adapter, adequate batteries, and a valve pin that moves and returns properly. E2 and E4 are different calibration outcomes and should not be merged into E1.","This page follows tado's E1, E2, and E4 radiator-thermostat support article. Hardware generation, mounting bracket, adapter, and valve body vary, so use the instructions for the exact tado device.","Use the exact tado mounting guide, fit compatible fresh batteries, confirm the correct adapter and secure head, and never dismantle the water valve.","Leaking, bent, seized, damaged, or uncertain radiator valves, pressurised components, and recurring calibration after correct mounting need heating or tado support.",Do not repeat calibration against a visibly stuck or misaligned valve; correct the documented mount or obtain service before another attempt.,oem-support,tado,2026-09-03,https://hvac-bench.com/brands/tado/smart-radiator-thermostat-e1/
brands/tado/radiator-thermostat-e2-e4,tado,tado,E2 / E4,controls-thermostats,tado Smart Radiator Thermostat V3+ and earlier devices in the cited support flow,tado Smart Radiator Thermostat; tado Smart Radiator Thermostat Basic,radiator-valve-travel-calibration,tado radiator E2 versus E4: no pin contact or too little valve travel,E2 means calibration found no contact between the thermostat motor and the radiator-valve pin. E4 means contact was found but the distance between the detected open and closed positions was too short. E2 starts with mount and adapter geometry; E4 starts with valve-pin travel and battery condition.,"These meanings apply to tado V3+ and earlier Smart Radiator Thermostats in the cited support article. Display symbols differ on the Basic model, and newer product generations require their own support path.","Identify the exact code, check the documented adapter and extender, use fresh approved batteries, and keep all work outside the wet valve body.","Leaking, seized, bent, corroded, or uncertain valve hardware and repeated calibration after correct mounting require heating or tado support.",Restart calibration only after correcting the code-specific mount or travel condition; repeated motor runs against unresolved hardware add no evidence.,oem-support,tado,2026-09-03,https://hvac-bench.com/brands/tado/radiator-thermostat-e2-e4/
brands/toshiba/e01-e02-e03-controller-communication,Toshiba,toshiba,E01 / E02 / E03,ductless-mini-split,Toshiba residential and light-commercial systems fitted with a wired remote controller,Seiya with wired controller; Shorai Edge with wired controller; RAV light-commercial indoor units,controller-communication-fault,"Toshiba E01, E02, E03 error codes: wired controller communication","Toshiba uses E01, E02, and E03 for a communication break between the wired remote controller and the indoor unit. E01 is raised at the controller when it stops hearing the indoor unit, E02 is a controller transmission fault, and E03 is raised when the indoor unit receives nothing from the controller or network adaptor.","This applies to Toshiba systems with a wired wall controller that report the E0-series codes. Wireless-remote systems that signal faults by flashing indoor lamps use a different scheme, so confirm the installation has a wired controller before applying this page.","Record the exact code, E01, E02, or E03, whether the controller screen is blank or working, and whether the system was rewired or altered recently. | Check whether the indoor unit has power at its own supply, without opening any covers.","Checking the controller cable at the terminals, testing continuity, and swapping a controller or board to isolate the fault require a qualified technician.","A power cycle of the indoor unit and controller can clear a one-off E0-series code. If it returns, the link or a board is at fault and needs testing rather than repeated resets.",mixed-primary-sources,Toshiba Air Conditioning,2026-09-09,https://hvac-bench.com/brands/toshiba/e01-e02-e03-controller-communication/
brands/trane/xv20i-184-07-and-184-08-cold-weather-lockout,Trane,trane,184.07 / 184.08,heat-pump,"Trane TruComfort variable-speed outdoor units on ComfortLink II communicating controls, including the XV20i heat pump",Trane XV20i variable-speed heat pump; Trane variable-speed outdoor units reporting through ComfortLink II wall controls,protection-lockout,Trane XV20i alerts 184.07 and 184.08 in cold weather: why a working heat pump stays locked out,"Both entries describe the state the outdoor control has entered, not a component it has condemned. Trane publishes its variable-speed alerts as a base code with a sub alarm, and the two lockout entries in that family behave differently from every protection alert underneath them. A protection alert shuts the compressor down for a cutout period and then releases itself. A lockout entry stops the system until power is cycled or the alerts are reset. In cold weather the alerts that accumulate underneath include one for which Trane names low outdoor ambient temperature, below a figure printed in its table, as a possible cause.","The alert architecture and the two lockout behaviours described here are read from Trane variable-speed outdoor unit Service Facts. Pressure thresholds, cutout times and the shutdown count that triggers the lockout are model specific and are printed in the Service Facts for the exact outdoor model, so treat those figures as something to look up rather than to carry across.","Photograph the alert screen and the alert history in order, with the display text beside each number. | Record the outdoor temperature and the time at each stoppage, because the protection alerts underneath are tied to operating conditions. | Check whether auxiliary or emergency heat is holding the house, which tells a technician what the system fell back to.","Charge assessment, pressure transducer checks and expansion valve diagnosis are qualified service work on a sealed refrigerant circuit. | Any inspection inside the outdoor cabinet on a variable-speed unit involves stored energy in the drive and belongs to a technician.","A power cycle is documented as the way both lockout entries clear, and the compressor resumes afterwards. Capture the alert history first, because resetting alerts is also documented as clearing the outdoor hard lockout.",mixed-primary-sources,Trane; Trane Home,2026-09-04,https://hvac-bench.com/brands/trane/xv20i-184-07-and-184-08-cold-weather-lockout/
brands/vaillant/ecotec-f22-low-pressure,Vaillant,vaillant,F.22,boiler,Vaillant ecoTEC plus and ecoTEC sustain boilers that list F.22,ecoTEC plus combi; ecoTEC plus system; ecoTEC sustain combi,low-water-pressure,Vaillant ecoTEC F.22 fault code: low water pressure explained,"Vaillant assigns F.22 to low water pressure in the sealed heating circuit, and the boiler stops firing to protect itself from running dry. Vaillant names the normal range as 1 to 1.5 bar, and lists a faulty pressure sensor, loose sensor or pump wiring, and a failed internal expansion vessel alongside a genuine water shortage.","This meaning follows the Vaillant United Kingdom fault-code list for ecoTEC boilers that display F.22. Other Vaillant ranges and the same code on another appliance can be mapped differently, so confirm the model from the data badge before you top up or reset.","Read the pressure gauge with the system cold, and top up to about 1.5 bar with the filling loop only if it is below 1 bar, then close both valves fully. | Record how many times the pressure has needed topping up in the last month and whether it drops fastest hot or cold.","A repeated pressure loss, a suspected leak, an expansion vessel check, or any sensor or wiring inspection inside the boiler casing needs a Vaillant or Gas Safe registered engineer.","Clearing the fault once, after the gauge has been raised to 1.5 bar and stayed there, is fine. Do not keep clearing F.22 while the pressure drops away, because every refill adds oxygen to the water.",mixed-primary-sources,Vaillant UK; Vaillant,2026-09-09,https://hvac-bench.com/brands/vaillant/ecotec-f22-low-pressure/
brands/vaillant/ecotec-f28-and-f29,Vaillant,vaillant,F.28,boiler,Vaillant ecoTEC gas boilers covered by the published United Kingdom fault code list,Vaillant ecoTEC plus; Vaillant ecoTEC pro; Vaillant ecoTEC sustain,boiler-ignition-lockout,Vaillant F.28 and F.29: two ignition faults with one owner check,"Vaillant defines F.28 as the flame signal not being detected during the ignition phase, and F.29 as an unsuccessful re-ignition after a flame loss during operation. The codes describe when the flame went missing, not what removed it, and Vaillant lists insufficient gas, a blocked condensate pipe, and a faulty ignition electrode among the causes of both.","These meanings come from Vaillant's own United Kingdom fault code list for its gas boilers and are written with a full stop between the letter and the number. Other manufacturers use F28 and F29 for entirely different conditions, and a code read from a non-Vaillant appliance does not carry these definitions.","Check whether other gas appliances in the property work and whether a prepayment meter has credit. | Look and listen for a gurgling or bubbling sound at the boiler or the external condensate pipe. | Thaw an accessible frozen condensate pipe with warm, not boiling, water poured along its length. | Reset the boiler once according to its own manual after the condensate pipe has drained. | Insulate the condensate pipe afterwards, as Vaillant recommends, to reduce the chance of a repeat.","The same code returning after one reset with the gas supply confirmed and the condensate pipe clear. | Any suspicion of an ignition electrode, gas valve, flue, or circuit board fault, all of which need the casing opened. | A condensate pipe that is not reachable from ground level. | F.54 shown alongside F.28 or F.29, which Vaillant attributes to the gas supply. | The smell of gas, which takes priority over every code on this page and is answered by evacuating and dialling 0800 111 999.",Vaillant's own F.28 guidance directs owners to the reset instructions in the boiler manual and gives no permitted number of attempts. Treat one reset after removing an identified cause as the whole of the allowance. Repeated resets with the cause still present achieve nothing and remove the record of when the fault appeared.,oem-support,Vaillant UK; Baxi,2026-09-08,https://hvac-bench.com/brands/vaillant/ecotec-f28-and-f29/
brands/vaillant/ecotec-plus-f75-fault,Vaillant,vaillant,F.75,boiler,Current ecoTEC plus boilers covered by manual 0020308121-04,ecoTEC plus models in installation manual 0020308121-04,water-pressure-change-fault,Vaillant ecoTEC plus F.75: pressure rise not detected,"On the documented Vaillant ecoTEC plus, F.75 means the control did not detect sufficient heating-water pressure change when the pump started. The service list includes low fill pressure, air or insufficient water, expansion-vessel influence, pump or pressure-sensor faults, and their wiring; neither component is proven by the code.","This meaning follows current ecoTEC plus installation and maintenance instructions 0020308121-04. Older ecoTEC generations, commercial boilers, aroTHERM heat pumps, and regional variants require their own document.","Photograph F.75 and the visible pressure, note recent bleeding or filling, and inspect only accessible external pipework for water.","Pump, pressure-sensor, expansion-vessel, filling, venting, internal leak, wiring, gas, and sealed-case work requires a qualified heating engineer.",Do not repeatedly reset or refill an F.75 boiler; a returning missing-pressure-change condition needs its hydraulic and sensing paths compared.,mixed-primary-sources,Vaillant,2026-09-03,https://hvac-bench.com/brands/vaillant/ecotec-plus-f75-fault/
brands/viessmann/vitodens-100w-fault-59,Viessmann,viessmann,59,boiler,Vitodens 100-W heat-only boilers in the cited UK installation instructions,Vitodens 100-W heat-only models covered by the cited manual,supply-undervoltage,Viessmann Vitodens 100-W fault 59: supply undervoltage,"In the cited Viessmann Vitodens 100-W heat-only instructions, fault 59 is a burner lockout associated with power-supply undervoltage. The service response is to check the mains supply and, if the fault recurs, investigate the fan path. The code does not justify an owner changing the fan or boiler electronics.","This definition is limited to the United Kingdom Vitodens 100-W heat-only manual cited below. Viessmann fault meanings differ across Vitodens generations, combination boilers, Vitocal heat pumps, and control platforms.","Save fault 59 and the model label, note building-wide power symptoms and power-source changes, and leave the boiler connection untouched.","Live mains, boiler connection, fan, harness, control, combustion, and sealed-case checks require a qualified electrician or Viessmann heating engineer.",Avoid repeated resets of burner lockout 59; one recovery does not establish that the supply or fan path is stable.,mixed-primary-sources,Viessmann,2026-09-03,https://hvac-bench.com/brands/viessmann/vitodens-100w-fault-59/
brands/worcester-bosch/greenstar-e9-219-overheat,Worcester Bosch,worcester-bosch,E9 219,boiler,Worcester Bosch Greenstar boilers that pair E9 with cause code 219,Greenstar CDi Classic; Greenstar i; Greenstar Si; Greenstar 8000,overheat-lockout,Worcester Bosch E9 219 fault code: heating safety overheat,"Worcester Bosch assigns E9 with cause code 219 to the central heating safety temperature limiter having tripped, meaning the flow temperature at the heat exchanger climbed past its allowed limit. It points at heat not moving away from the exchanger fast enough, from a circulation, pump, or fouling problem, rather than at a single failed part.","This reading follows Worcester Bosch Greenstar literature that displays a fault code alongside a cause code and lists 219 as the safety temperature limiter. Other Worcester ranges and other E9 cause codes can differ, so record both numbers together before acting.","Note both numbers, E9 and 219, and the time the lockout appeared, then leave the boiler switched off rather than cycling the reset. | Check that any labelled isolation valves under the boiler are open and in the same position as normal, without removing covers.","Pump, flow sensor, heat exchanger, safety limiter, and system flushing work all require a Gas Safe registered engineer, and the boiler should stay off until then.","One reset is acceptable to see whether E9 219 was a transient event. If it returns within a cycle or two, leave the boiler off, because repeated attempts overheat the heat exchanger.",mixed-primary-sources,Worcester Bosch,2026-09-09,https://hvac-bench.com/brands/worcester-bosch/greenstar-e9-219-overheat/
brands/worcester-bosch/greenstar-si-ea-227-fault,Worcester Bosch,worcester-bosch,EA 227,boiler,Greenstar Si Compact ErP,Greenstar 25 Si Compact ErP; Greenstar 30 Si Compact ErP,ignition-lockout,Worcester Greenstar Si Compact EA 227 ignition fault,"On the documented Worcester Bosch Greenstar Si Compact ErP, EA with subcode 227 means no ionisation was detected after ignition. The user instructions permit the Reset button once and require service if the alert returns. The display does not prove whether flame failed to form or formed without valid sensing.","This EA 227 definition is for Greenstar Si Compact ErP user instructions 6 720 813 279. Other Greenstar models attach different three-digit subcodes to EA, so record both lines of the display.","Photograph EA and 227 together, perform only the user-manual reset once, and note whether stable operation returns without opening the case.","Returning EA 227, gas, combustion, ionisation, electrode, vent, condensate, grounding, and sealed-case work require a Gas Safe registered engineer.","Press Reset once as the Si Compact user manual directs; if EA 227 remains or returns, do not continue forcing ignition attempts.",mixed-primary-sources,Worcester Bosch,2026-09-03,https://hvac-bench.com/brands/worcester-bosch/greenstar-si-ea-227-fault/
brands/york/yp9c-three-red-flashes-at-low-fire,York,york,3 red flashes,furnace,"York Affinity YP9C modulating condensing furnaces and the TP9C, CP9C and LP9C models sharing the same installation manual","York YP9C*C modulating multi-position gas furnace; TP9C*C, CP9C*C and LP9C*C models covered by the same manual",pressure-switch-open,"York YP9C three red flashes at low fire only: pressure switch, pressure sensor, or the vent","Three red flashes reports the pressure switch open with inducer pressure above the switch setpoint, meaning the switch is open when it should be closed. The reason this shows up at low fire is written into the same manual. The switch is mounted on the draft inducer and proves flow at the start of each cycle. The manual then states that it may be open under certain conditions when the burners are lit, because the pressure sensor on the control board is the primary flow sensor. Minimum firing rate is where inducer speed and the pressure the switch sees are both lowest.","This applies to the modulating YP9C family and the models sharing its installation manual, which use both a pressure switch on the inducer and a separate pressure sensor on the control board. Single and two-stage York furnaces without that pressure sensor read a pressure switch fault differently.","Watch a full cycle through the door view port and note how many seconds pass between ignition and the fault. | Retrieve the stored error codes with no thermostat call active, and write them down in the order they replay. | Check that the outdoor vent and combustion air terminals are clear of snow, leaves and nests from outside the building. | Confirm the condensate drain is running freely, since a separate condensate pressure switch can shut the burners off.","Testing the pressure switch, its hoses and the pressure sensor means working inside the burner compartment on an energised appliance, which is service work. | Any assessment of the vent system, combustion air piping or the inducer belongs to a qualified technician, and pressure switches must never be adjusted to allow operation.","Do not clear the stored codes before the visit. Holding the retrieval button for more than five seconds erases the history, and that history is what separates a switch fault from a vent restriction on this furnace.",mixed-primary-sources,York,2026-09-04,https://hvac-bench.com/brands/york/yp9c-three-red-flashes-at-low-fire/
brands/york/yp9c-four-red-flashes,York,york,4 red flashes,furnace,"York YP9C, TP9C, CP9C, and LP9C furnaces covered by the cited manual",YP9C*C; TP9C*C; CP9C*C; LP9C*C,open-high-limit-circuit,"York YP9C four red flashes: limit, sensor, or fuse","On the documented York YP9C control, four red flashes can mean an open high-limit switch, a defective temperature sensor, or an open 24-volt fuse. Confirm that the LED is red, not amber, before using that definition. Four amber flashes describes reduced heating capacity from restricted circulating airflow.","This page covers the YP9C family and the TP9C, CP9C, and LP9C models named in the same York manual. The color is part of the code, and other York controls may assign a different meaning to four flashes.","Record the flash color and count through two complete groups without removing a furnace door. | With heating off, inspect the homeowner-access filter and confirm ordinary return and supply grilles are clear. | Note whether the thermostat display remains powered and whether the blower continues after the burners stop.","Fuse diagnosis, sensor testing, temperature-rise measurement, blower assessment, and safety-circuit work belong to qualified gas-furnace service. | Never bypass a limit or install a larger fuse. Either action removes the protection York intended the control to enforce.",One power cycle may erase useful live evidence and does not separate the three branches. Record the code first and do not keep running a furnace that repeats it.,mixed-primary-sources,York,2026-09-09,https://hvac-bench.com/brands/york/yp9c-four-red-flashes/
brands/york/yp9c-seven-red-flashes,York,york,7 red flashes,furnace,Affinity YP9C modulating gas furnaces,YP9C Series models in the cited installation manual,ignition-lockout,York Affinity YP9C seven red flashes: ignition lockout,"On the documented York Affinity YP9C, seven red flashes indicate lockout because ignition did not succeed after three attempts. The control waits one hour before another automatic attempt. The pattern reports the outcome, not whether the cause is gas supply, ignition, burner, flame sensing, grounding, venting, or control.","This flash count is scoped to the YP9C manual cited here. York LX, Latitude, rooftop, heat-pump, and newer communicating controls can use other code systems, so the model and LED colour must match.","With panels closed, save the seven-red-flash pattern and observe one startup only through the factory viewing area without forcing another attempt.","Venting, pressure safeguards, ignition, gas, burners, flame current, grounding, combustion, and control testing require licensed York service.",Do not repeatedly interrupt the one-hour lockout to create more ignition attempts; let a qualified technician find the failed stage.,mixed-primary-sources,York,2026-09-03,https://hvac-bench.com/brands/york/yp9c-seven-red-flashes/
brands/york/yp9c-twelve-red-flashes,York,york,12 red flashes,furnace,Affinity YP9C modulating gas furnaces,YP9C Series models in the cited installation manual,identification-plug-fault,York YP9C twelve red flashes: the ID plug is not connected,"The manual assigns twelve red flashes to the ID plug not being present or not connected properly, and directs the check at a loose plug or loose wires in the plug. It is a connector fault, not a control board failure.","This flash code is published in the York installation manual for the Affinity YP9C modulating gas furnaces. Other York furnace families use different control boards with different flash tables, and a twelve-flash code on another manufacturer's furnace means something unrelated.","Watch at least two complete flash groups and note both the colour and the count before recording it. | Record whether any work was done inside the furnace before the code appeared, and by whom. | Check that the furnace has power and that no breaker has tripped, without opening the cabinet.","The ID plug and the control board sit inside a cabinet containing gas piping and line voltage connections, so reseating or replacing the plug is technician work. | The manual warns against bypassing any safety control or adjusting a pressure switch to allow the furnace to run.","Cycling the supply restarts the control and it will read the plug again. A code that returns immediately means the plug is still not being read, and repeating the cycle does not seat a connector.",mixed-primary-sources,York,2026-09-03,https://hvac-bench.com/brands/york/yp9c-twelve-red-flashes/
